ENGINE|ID|CATEGORIES|TAGS|THEOREM|THEOREM_DESCRIPTION|PROOF_NAME|PROOF_VALUE|PROOF_UNIT
DuckDB|0|PLAN|CONFIG|CONFIG-VERSION|Version of Engine|version|1.3.2|version
DuckDB|2|PLAN|TPC-H|TPCH-Q01|TPC-H Q01 Analysis|Join|0|Rows
DuckDB|3|PLAN|TPC-H|TPCH-Q01|TPC-H Q01 Analysis|Aggregate|5642532|Rows
DuckDB|4|PLAN|TPC-H|TPCH-Q01|TPC-H Q01 Analysis|Sort|4|Rows
DuckDB|5|PLAN|TPC-H|TPCH-Q01|TPC-H Q01 Analysis|Scan|5642532|Rows
DuckDB|6|PLAN|TPC-H|TPCH-Q01|TPC-H Q01 Analysis|Mis-estimate Join <16x|0|Magnitude
DuckDB|7|PLAN|TPC-H|TPCH-Q01|TPC-H Q01 Analysis|Mis-estimate Join -8x|0|Magnitude
DuckDB|8|PLAN|TPC-H|TPCH-Q01|TPC-H Q01 Analysis|Mis-estimate Join -4x|0|Magnitude
DuckDB|9|PLAN|TPC-H|TPCH-Q01|TPC-H Q01 Analysis|Mis-estimate Join -2x|0|Magnitude
DuckDB|10|PLAN|TPC-H|TPCH-Q01|TPC-H Q01 Analysis|Mis-estimate Join =|0|Magnitude
DuckDB|11|PLAN|TPC-H|TPCH-Q01|TPC-H Q01 Analysis|Mis-estimate Join +2x|0|Magnitude
DuckDB|12|PLAN|TPC-H|TPCH-Q01|TPC-H Q01 Analysis|Mis-estimate Join +4x|0|Magnitude
DuckDB|13|PLAN|TPC-H|TPCH-Q01|TPC-H Q01 Analysis|Mis-estimate Join +8x|0|Magnitude
DuckDB|14|PLAN|TPC-H|TPCH-Q01|TPC-H Q01 Analysis|Mis-estimate Join >16x|0|Magnitude
DuckDB|15|PLAN|TPC-H|TPCH-Q01|TPC-H Q01 Analysis|Mis-estimate Aggregate <16x|0|Magnitude
DuckDB|16|PLAN|TPC-H|TPCH-Q01|TPC-H Q01 Analysis|Mis-estimate Aggregate -8x|0|Magnitude
DuckDB|17|PLAN|TPC-H|TPCH-Q01|TPC-H Q01 Analysis|Mis-estimate Aggregate -4x|0|Magnitude
DuckDB|18|PLAN|TPC-H|TPCH-Q01|TPC-H Q01 Analysis|Mis-estimate Aggregate -2x|0|Magnitude
DuckDB|19|PLAN|TPC-H|TPCH-Q01|TPC-H Q01 Analysis|Mis-estimate Aggregate =|0|Magnitude
DuckDB|20|PLAN|TPC-H|TPCH-Q01|TPC-H Q01 Analysis|Mis-estimate Aggregate +2x|0|Magnitude
DuckDB|21|PLAN|TPC-H|TPCH-Q01|TPC-H Q01 Analysis|Mis-estimate Aggregate +4x|0|Magnitude
DuckDB|22|PLAN|TPC-H|TPCH-Q01|TPC-H Q01 Analysis|Mis-estimate Aggregate +8x|0|Magnitude
DuckDB|23|PLAN|TPC-H|TPCH-Q01|TPC-H Q01 Analysis|Mis-estimate Aggregate >16x|1|Magnitude
DuckDB|24|PLAN|TPC-H|TPCH-Q01|TPC-H Q01 Analysis|Mis-estimate Sort <16x|0|Magnitude
DuckDB|25|PLAN|TPC-H|TPCH-Q01|TPC-H Q01 Analysis|Mis-estimate Sort -8x|0|Magnitude
DuckDB|26|PLAN|TPC-H|TPCH-Q01|TPC-H Q01 Analysis|Mis-estimate Sort -4x|0|Magnitude
DuckDB|27|PLAN|TPC-H|TPCH-Q01|TPC-H Q01 Analysis|Mis-estimate Sort -2x|0|Magnitude
DuckDB|28|PLAN|TPC-H|TPCH-Q01|TPC-H Q01 Analysis|Mis-estimate Sort =|0|Magnitude
DuckDB|29|PLAN|TPC-H|TPCH-Q01|TPC-H Q01 Analysis|Mis-estimate Sort +2x|0|Magnitude
DuckDB|30|PLAN|TPC-H|TPCH-Q01|TPC-H Q01 Analysis|Mis-estimate Sort +4x|0|Magnitude
DuckDB|31|PLAN|TPC-H|TPCH-Q01|TPC-H Q01 Analysis|Mis-estimate Sort +8x|0|Magnitude
DuckDB|32|PLAN|TPC-H|TPCH-Q01|TPC-H Q01 Analysis|Mis-estimate Sort >16x|1|Magnitude
DuckDB|33|PLAN|TPC-H|TPCH-Q01|TPC-H Q01 Analysis|Mis-estimate Scan <16x|0|Magnitude
DuckDB|34|PLAN|TPC-H|TPCH-Q01|TPC-H Q01 Analysis|Mis-estimate Scan -8x|0|Magnitude
DuckDB|35|PLAN|TPC-H|TPCH-Q01|TPC-H Q01 Analysis|Mis-estimate Scan -4x|1|Magnitude
DuckDB|36|PLAN|TPC-H|TPCH-Q01|TPC-H Q01 Analysis|Mis-estimate Scan -2x|0|Magnitude
DuckDB|37|PLAN|TPC-H|TPCH-Q01|TPC-H Q01 Analysis|Mis-estimate Scan =|0|Magnitude
DuckDB|38|PLAN|TPC-H|TPCH-Q01|TPC-H Q01 Analysis|Mis-estimate Scan +2x|0|Magnitude
DuckDB|39|PLAN|TPC-H|TPCH-Q01|TPC-H Q01 Analysis|Mis-estimate Scan +4x|0|Magnitude
DuckDB|40|PLAN|TPC-H|TPCH-Q01|TPC-H Q01 Analysis|Mis-estimate Scan +8x|0|Magnitude
DuckDB|41|PLAN|TPC-H|TPCH-Q01|TPC-H Q01 Analysis|Mis-estimate Scan >16x|1|Magnitude
DuckDB|42|PLAN|TPC-H|TPCH-Q01|TPC-H Q01 Analysis|Mis-estimate Filter <16x|0|Magnitude
DuckDB|43|PLAN|TPC-H|TPCH-Q01|TPC-H Q01 Analysis|Mis-estimate Filter -8x|0|Magnitude
DuckDB|44|PLAN|TPC-H|TPCH-Q01|TPC-H Q01 Analysis|Mis-estimate Filter -4x|0|Magnitude
DuckDB|45|PLAN|TPC-H|TPCH-Q01|TPC-H Q01 Analysis|Mis-estimate Filter -2x|0|Magnitude
DuckDB|46|PLAN|TPC-H|TPCH-Q01|TPC-H Q01 Analysis|Mis-estimate Filter =|0|Magnitude
DuckDB|47|PLAN|TPC-H|TPCH-Q01|TPC-H Q01 Analysis|Mis-estimate Filter +2x|0|Magnitude
DuckDB|48|PLAN|TPC-H|TPCH-Q01|TPC-H Q01 Analysis|Mis-estimate Filter +4x|0|Magnitude
DuckDB|49|PLAN|TPC-H|TPCH-Q01|TPC-H Q01 Analysis|Mis-estimate Filter +8x|0|Magnitude
DuckDB|50|PLAN|TPC-H|TPCH-Q01|TPC-H Q01 Analysis|Mis-estimate Filter >16x|0|Magnitude
DuckDB|51|PLAN|TPC-H|TPCH-Q01|TPC-H Q01 Analysis|Plan||Plan
DuckDB|52|PLAN|TPC-H|TPCH-Q02|TPC-H Q02 Analysis|Join|1201489|Rows
DuckDB|53|PLAN|TPC-H|TPCH-Q02|TPC-H Q02 Analysis|Aggregate|473|Rows
DuckDB|54|PLAN|TPC-H|TPCH-Q02|TPC-H Q02 Analysis|Sort|346|Rows
DuckDB|55|PLAN|TPC-H|TPCH-Q02|TPC-H Q02 Analysis|Scan|1197599|Rows
DuckDB|56|PLAN|TPC-H|TPCH-Q02|TPC-H Q02 Analysis|Mis-estimate Join <16x|1|Magnitude
DuckDB|57|PLAN|TPC-H|TPCH-Q02|TPC-H Q02 Analysis|Mis-estimate Join -8x|0|Magnitude
DuckDB|58|PLAN|TPC-H|TPCH-Q02|TPC-H Q02 Analysis|Mis-estimate Join -4x|0|Magnitude
DuckDB|59|PLAN|TPC-H|TPCH-Q02|TPC-H Q02 Analysis|Mis-estimate Join -2x|0|Magnitude
DuckDB|60|PLAN|TPC-H|TPCH-Q02|TPC-H Q02 Analysis|Mis-estimate Join =|5|Magnitude
DuckDB|61|PLAN|TPC-H|TPCH-Q02|TPC-H Q02 Analysis|Mis-estimate Join +2x|0|Magnitude
DuckDB|62|PLAN|TPC-H|TPCH-Q02|TPC-H Q02 Analysis|Mis-estimate Join +4x|2|Magnitude
DuckDB|63|PLAN|TPC-H|TPCH-Q02|TPC-H Q02 Analysis|Mis-estimate Join +8x|1|Magnitude
DuckDB|64|PLAN|TPC-H|TPCH-Q02|TPC-H Q02 Analysis|Mis-estimate Join >16x|1|Magnitude
DuckDB|65|PLAN|TPC-H|TPCH-Q02|TPC-H Q02 Analysis|Mis-estimate Aggregate <16x|0|Magnitude
DuckDB|66|PLAN|TPC-H|TPCH-Q02|TPC-H Q02 Analysis|Mis-estimate Aggregate -8x|0|Magnitude
DuckDB|67|PLAN|TPC-H|TPCH-Q02|TPC-H Q02 Analysis|Mis-estimate Aggregate -4x|0|Magnitude
DuckDB|68|PLAN|TPC-H|TPCH-Q02|TPC-H Q02 Analysis|Mis-estimate Aggregate -2x|0|Magnitude
DuckDB|69|PLAN|TPC-H|TPCH-Q02|TPC-H Q02 Analysis|Mis-estimate Aggregate =|0|Magnitude
DuckDB|70|PLAN|TPC-H|TPCH-Q02|TPC-H Q02 Analysis|Mis-estimate Aggregate +2x|0|Magnitude
DuckDB|71|PLAN|TPC-H|TPCH-Q02|TPC-H Q02 Analysis|Mis-estimate Aggregate +4x|0|Magnitude
DuckDB|72|PLAN|TPC-H|TPCH-Q02|TPC-H Q02 Analysis|Mis-estimate Aggregate +8x|2|Magnitude
DuckDB|73|PLAN|TPC-H|TPCH-Q02|TPC-H Q02 Analysis|Mis-estimate Aggregate >16x|0|Magnitude
DuckDB|74|PLAN|TPC-H|TPCH-Q02|TPC-H Q02 Analysis|Mis-estimate Sort <16x|0|Magnitude
DuckDB|75|PLAN|TPC-H|TPCH-Q02|TPC-H Q02 Analysis|Mis-estimate Sort -8x|0|Magnitude
DuckDB|76|PLAN|TPC-H|TPCH-Q02|TPC-H Q02 Analysis|Mis-estimate Sort -4x|0|Magnitude
DuckDB|77|PLAN|TPC-H|TPCH-Q02|TPC-H Q02 Analysis|Mis-estimate Sort -2x|0|Magnitude
DuckDB|78|PLAN|TPC-H|TPCH-Q02|TPC-H Q02 Analysis|Mis-estimate Sort =|0|Magnitude
DuckDB|79|PLAN|TPC-H|TPCH-Q02|TPC-H Q02 Analysis|Mis-estimate Sort +2x|0|Magnitude
DuckDB|80|PLAN|TPC-H|TPCH-Q02|TPC-H Q02 Analysis|Mis-estimate Sort +4x|0|Magnitude
DuckDB|81|PLAN|TPC-H|TPCH-Q02|TPC-H Q02 Analysis|Mis-estimate Sort +8x|1|Magnitude
DuckDB|82|PLAN|TPC-H|TPCH-Q02|TPC-H Q02 Analysis|Mis-estimate Sort >16x|0|Magnitude
DuckDB|83|PLAN|TPC-H|TPCH-Q02|TPC-H Q02 Analysis|Mis-estimate Scan <16x|0|Magnitude
DuckDB|84|PLAN|TPC-H|TPCH-Q02|TPC-H Q02 Analysis|Mis-estimate Scan -8x|0|Magnitude
DuckDB|85|PLAN|TPC-H|TPCH-Q02|TPC-H Q02 Analysis|Mis-estimate Scan -4x|0|Magnitude
DuckDB|86|PLAN|TPC-H|TPCH-Q02|TPC-H Q02 Analysis|Mis-estimate Scan -2x|0|Magnitude
DuckDB|87|PLAN|TPC-H|TPCH-Q02|TPC-H Q02 Analysis|Mis-estimate Scan =|6|Magnitude
DuckDB|88|PLAN|TPC-H|TPCH-Q02|TPC-H Q02 Analysis|Mis-estimate Scan +2x|0|Magnitude
DuckDB|89|PLAN|TPC-H|TPCH-Q02|TPC-H Q02 Analysis|Mis-estimate Scan +4x|3|Magnitude
DuckDB|90|PLAN|TPC-H|TPCH-Q02|TPC-H Q02 Analysis|Mis-estimate Scan +8x|2|Magnitude
DuckDB|91|PLAN|TPC-H|TPCH-Q02|TPC-H Q02 Analysis|Mis-estimate Scan >16x|0|Magnitude
DuckDB|92|PLAN|TPC-H|TPCH-Q02|TPC-H Q02 Analysis|Mis-estimate Filter <16x|0|Magnitude
DuckDB|93|PLAN|TPC-H|TPCH-Q02|TPC-H Q02 Analysis|Mis-estimate Filter -8x|0|Magnitude
DuckDB|94|PLAN|TPC-H|TPCH-Q02|TPC-H Q02 Analysis|Mis-estimate Filter -4x|0|Magnitude
DuckDB|95|PLAN|TPC-H|TPCH-Q02|TPC-H Q02 Analysis|Mis-estimate Filter -2x|0|Magnitude
DuckDB|96|PLAN|TPC-H|TPCH-Q02|TPC-H Q02 Analysis|Mis-estimate Filter =|0|Magnitude
DuckDB|97|PLAN|TPC-H|TPCH-Q02|TPC-H Q02 Analysis|Mis-estimate Filter +2x|0|Magnitude
DuckDB|98|PLAN|TPC-H|TPCH-Q02|TPC-H Q02 Analysis|Mis-estimate Filter +4x|1|Magnitude
DuckDB|99|PLAN|TPC-H|TPCH-Q02|TPC-H Q02 Analysis|Mis-estimate Filter +8x|1|Magnitude
DuckDB|100|PLAN|TPC-H|TPCH-Q02|TPC-H Q02 Analysis|Mis-estimate Filter >16x|0|Magnitude
DuckDB|101|PLAN|TPC-H|TPCH-Q02|TPC-H Q02 Analysis|Plan||Plan
DuckDB|102|PLAN|TPC-H|TPCH-Q03|TPC-H Q03 Analysis|Join|4080841|Rows
DuckDB|103|PLAN|TPC-H|TPCH-Q03|TPC-H Q03 Analysis|Aggregate|28114|Rows
DuckDB|104|PLAN|TPC-H|TPCH-Q03|TPC-H Q03 Analysis|Sort|10|Rows
DuckDB|105|PLAN|TPC-H|TPCH-Q03|TPC-H Q03 Analysis|Scan|4111077|Rows
DuckDB|106|PLAN|TPC-H|TPCH-Q03|TPC-H Q03 Analysis|Mis-estimate Join <16x|0|Magnitude
DuckDB|107|PLAN|TPC-H|TPCH-Q03|TPC-H Q03 Analysis|Mis-estimate Join -8x|0|Magnitude
DuckDB|108|PLAN|TPC-H|TPCH-Q03|TPC-H Q03 Analysis|Mis-estimate Join -4x|0|Magnitude
DuckDB|109|PLAN|TPC-H|TPCH-Q03|TPC-H Q03 Analysis|Mis-estimate Join -2x|0|Magnitude
DuckDB|110|PLAN|TPC-H|TPCH-Q03|TPC-H Q03 Analysis|Mis-estimate Join =|1|Magnitude
DuckDB|111|PLAN|TPC-H|TPCH-Q03|TPC-H Q03 Analysis|Mis-estimate Join +2x|1|Magnitude
DuckDB|112|PLAN|TPC-H|TPCH-Q03|TPC-H Q03 Analysis|Mis-estimate Join +4x|0|Magnitude
DuckDB|113|PLAN|TPC-H|TPCH-Q03|TPC-H Q03 Analysis|Mis-estimate Join +8x|0|Magnitude
DuckDB|114|PLAN|TPC-H|TPCH-Q03|TPC-H Q03 Analysis|Mis-estimate Join >16x|0|Magnitude
DuckDB|115|PLAN|TPC-H|TPCH-Q03|TPC-H Q03 Analysis|Mis-estimate Aggregate <16x|0|Magnitude
DuckDB|116|PLAN|TPC-H|TPCH-Q03|TPC-H Q03 Analysis|Mis-estimate Aggregate -8x|0|Magnitude
DuckDB|117|PLAN|TPC-H|TPCH-Q03|TPC-H Q03 Analysis|Mis-estimate Aggregate -4x|0|Magnitude
DuckDB|118|PLAN|TPC-H|TPCH-Q03|TPC-H Q03 Analysis|Mis-estimate Aggregate -2x|0|Magnitude
DuckDB|119|PLAN|TPC-H|TPCH-Q03|TPC-H Q03 Analysis|Mis-estimate Aggregate =|0|Magnitude
DuckDB|120|PLAN|TPC-H|TPCH-Q03|TPC-H Q03 Analysis|Mis-estimate Aggregate +2x|0|Magnitude
DuckDB|121|PLAN|TPC-H|TPCH-Q03|TPC-H Q03 Analysis|Mis-estimate Aggregate +4x|1|Magnitude
DuckDB|122|PLAN|TPC-H|TPCH-Q03|TPC-H Q03 Analysis|Mis-estimate Aggregate +8x|0|Magnitude
DuckDB|123|PLAN|TPC-H|TPCH-Q03|TPC-H Q03 Analysis|Mis-estimate Aggregate >16x|0|Magnitude
DuckDB|124|PLAN|TPC-H|TPCH-Q03|TPC-H Q03 Analysis|Mis-estimate Sort <16x|0|Magnitude
DuckDB|125|PLAN|TPC-H|TPCH-Q03|TPC-H Q03 Analysis|Mis-estimate Sort -8x|0|Magnitude
DuckDB|126|PLAN|TPC-H|TPCH-Q03|TPC-H Q03 Analysis|Mis-estimate Sort -4x|0|Magnitude
DuckDB|127|PLAN|TPC-H|TPCH-Q03|TPC-H Q03 Analysis|Mis-estimate Sort -2x|0|Magnitude
DuckDB|128|PLAN|TPC-H|TPCH-Q03|TPC-H Q03 Analysis|Mis-estimate Sort =|1|Magnitude
DuckDB|129|PLAN|TPC-H|TPCH-Q03|TPC-H Q03 Analysis|Mis-estimate Sort +2x|0|Magnitude
DuckDB|130|PLAN|TPC-H|TPCH-Q03|TPC-H Q03 Analysis|Mis-estimate Sort +4x|0|Magnitude
DuckDB|131|PLAN|TPC-H|TPCH-Q03|TPC-H Q03 Analysis|Mis-estimate Sort +8x|0|Magnitude
DuckDB|132|PLAN|TPC-H|TPCH-Q03|TPC-H Q03 Analysis|Mis-estimate Sort >16x|0|Magnitude
DuckDB|133|PLAN|TPC-H|TPCH-Q03|TPC-H Q03 Analysis|Mis-estimate Scan <16x|0|Magnitude
DuckDB|134|PLAN|TPC-H|TPCH-Q03|TPC-H Q03 Analysis|Mis-estimate Scan -8x|0|Magnitude
DuckDB|135|PLAN|TPC-H|TPCH-Q03|TPC-H Q03 Analysis|Mis-estimate Scan -4x|0|Magnitude
DuckDB|136|PLAN|TPC-H|TPCH-Q03|TPC-H Q03 Analysis|Mis-estimate Scan -2x|2|Magnitude
DuckDB|137|PLAN|TPC-H|TPCH-Q03|TPC-H Q03 Analysis|Mis-estimate Scan =|1|Magnitude
DuckDB|138|PLAN|TPC-H|TPCH-Q03|TPC-H Q03 Analysis|Mis-estimate Scan +2x|0|Magnitude
DuckDB|139|PLAN|TPC-H|TPCH-Q03|TPC-H Q03 Analysis|Mis-estimate Scan +4x|1|Magnitude
DuckDB|140|PLAN|TPC-H|TPCH-Q03|TPC-H Q03 Analysis|Mis-estimate Scan +8x|0|Magnitude
DuckDB|141|PLAN|TPC-H|TPCH-Q03|TPC-H Q03 Analysis|Mis-estimate Scan >16x|0|Magnitude
DuckDB|142|PLAN|TPC-H|TPCH-Q03|TPC-H Q03 Analysis|Mis-estimate Filter <16x|0|Magnitude
DuckDB|143|PLAN|TPC-H|TPCH-Q03|TPC-H Q03 Analysis|Mis-estimate Filter -8x|0|Magnitude
DuckDB|144|PLAN|TPC-H|TPCH-Q03|TPC-H Q03 Analysis|Mis-estimate Filter -4x|0|Magnitude
DuckDB|145|PLAN|TPC-H|TPCH-Q03|TPC-H Q03 Analysis|Mis-estimate Filter -2x|0|Magnitude
DuckDB|146|PLAN|TPC-H|TPCH-Q03|TPC-H Q03 Analysis|Mis-estimate Filter =|1|Magnitude
DuckDB|147|PLAN|TPC-H|TPCH-Q03|TPC-H Q03 Analysis|Mis-estimate Filter +2x|0|Magnitude
DuckDB|148|PLAN|TPC-H|TPCH-Q03|TPC-H Q03 Analysis|Mis-estimate Filter +4x|0|Magnitude
DuckDB|149|PLAN|TPC-H|TPCH-Q03|TPC-H Q03 Analysis|Mis-estimate Filter +8x|0|Magnitude
DuckDB|150|PLAN|TPC-H|TPCH-Q03|TPC-H Q03 Analysis|Mis-estimate Filter >16x|0|Magnitude
DuckDB|151|PLAN|TPC-H|TPCH-Q03|TPC-H Q03 Analysis|Plan||Plan
DuckDB|152|PLAN|TPC-H|TPCH-Q04|TPC-H Q04 Analysis|Join|3974931|Rows
DuckDB|153|PLAN|TPC-H|TPCH-Q04|TPC-H Q04 Analysis|Aggregate|47831|Rows
DuckDB|154|PLAN|TPC-H|TPCH-Q04|TPC-H Q04 Analysis|Sort|5|Rows
DuckDB|155|PLAN|TPC-H|TPCH-Q04|TPC-H Q04 Analysis|Scan|6050773|Rows
DuckDB|156|PLAN|TPC-H|TPCH-Q04|TPC-H Q04 Analysis|Mis-estimate Join <16x|0|Magnitude
DuckDB|157|PLAN|TPC-H|TPCH-Q04|TPC-H Q04 Analysis|Mis-estimate Join -8x|0|Magnitude
DuckDB|158|PLAN|TPC-H|TPCH-Q04|TPC-H Q04 Analysis|Mis-estimate Join -4x|0|Magnitude
DuckDB|159|PLAN|TPC-H|TPCH-Q04|TPC-H Q04 Analysis|Mis-estimate Join -2x|0|Magnitude
DuckDB|160|PLAN|TPC-H|TPCH-Q04|TPC-H Q04 Analysis|Mis-estimate Join =|1|Magnitude
DuckDB|161|PLAN|TPC-H|TPCH-Q04|TPC-H Q04 Analysis|Mis-estimate Join +2x|1|Magnitude
DuckDB|162|PLAN|TPC-H|TPCH-Q04|TPC-H Q04 Analysis|Mis-estimate Join +4x|0|Magnitude
DuckDB|163|PLAN|TPC-H|TPCH-Q04|TPC-H Q04 Analysis|Mis-estimate Join +8x|0|Magnitude
DuckDB|164|PLAN|TPC-H|TPCH-Q04|TPC-H Q04 Analysis|Mis-estimate Join >16x|1|Magnitude
DuckDB|165|PLAN|TPC-H|TPCH-Q04|TPC-H Q04 Analysis|Mis-estimate Aggregate <16x|0|Magnitude
DuckDB|166|PLAN|TPC-H|TPCH-Q04|TPC-H Q04 Analysis|Mis-estimate Aggregate -8x|0|Magnitude
DuckDB|167|PLAN|TPC-H|TPCH-Q04|TPC-H Q04 Analysis|Mis-estimate Aggregate -4x|0|Magnitude
DuckDB|168|PLAN|TPC-H|TPCH-Q04|TPC-H Q04 Analysis|Mis-estimate Aggregate -2x|0|Magnitude
DuckDB|169|PLAN|TPC-H|TPCH-Q04|TPC-H Q04 Analysis|Mis-estimate Aggregate =|1|Magnitude
DuckDB|170|PLAN|TPC-H|TPCH-Q04|TPC-H Q04 Analysis|Mis-estimate Aggregate +2x|0|Magnitude
DuckDB|171|PLAN|TPC-H|TPCH-Q04|TPC-H Q04 Analysis|Mis-estimate Aggregate +4x|1|Magnitude
DuckDB|172|PLAN|TPC-H|TPCH-Q04|TPC-H Q04 Analysis|Mis-estimate Aggregate +8x|0|Magnitude
DuckDB|173|PLAN|TPC-H|TPCH-Q04|TPC-H Q04 Analysis|Mis-estimate Aggregate >16x|0|Magnitude
DuckDB|174|PLAN|TPC-H|TPCH-Q04|TPC-H Q04 Analysis|Mis-estimate Sort <16x|0|Magnitude
DuckDB|175|PLAN|TPC-H|TPCH-Q04|TPC-H Q04 Analysis|Mis-estimate Sort -8x|0|Magnitude
DuckDB|176|PLAN|TPC-H|TPCH-Q04|TPC-H Q04 Analysis|Mis-estimate Sort -4x|0|Magnitude
DuckDB|177|PLAN|TPC-H|TPCH-Q04|TPC-H Q04 Analysis|Mis-estimate Sort -2x|0|Magnitude
DuckDB|178|PLAN|TPC-H|TPCH-Q04|TPC-H Q04 Analysis|Mis-estimate Sort =|1|Magnitude
DuckDB|179|PLAN|TPC-H|TPCH-Q04|TPC-H Q04 Analysis|Mis-estimate Sort +2x|0|Magnitude
DuckDB|180|PLAN|TPC-H|TPCH-Q04|TPC-H Q04 Analysis|Mis-estimate Sort +4x|0|Magnitude
DuckDB|181|PLAN|TPC-H|TPCH-Q04|TPC-H Q04 Analysis|Mis-estimate Sort +8x|0|Magnitude
DuckDB|182|PLAN|TPC-H|TPCH-Q04|TPC-H Q04 Analysis|Mis-estimate Sort >16x|0|Magnitude
DuckDB|183|PLAN|TPC-H|TPCH-Q04|TPC-H Q04 Analysis|Mis-estimate Scan <16x|0|Magnitude
DuckDB|184|PLAN|TPC-H|TPCH-Q04|TPC-H Q04 Analysis|Mis-estimate Scan -8x|0|Magnitude
DuckDB|185|PLAN|TPC-H|TPCH-Q04|TPC-H Q04 Analysis|Mis-estimate Scan -4x|0|Magnitude
DuckDB|186|PLAN|TPC-H|TPCH-Q04|TPC-H Q04 Analysis|Mis-estimate Scan -2x|0|Magnitude
DuckDB|187|PLAN|TPC-H|TPCH-Q04|TPC-H Q04 Analysis|Mis-estimate Scan =|2|Magnitude
DuckDB|188|PLAN|TPC-H|TPCH-Q04|TPC-H Q04 Analysis|Mis-estimate Scan +2x|0|Magnitude
DuckDB|189|PLAN|TPC-H|TPCH-Q04|TPC-H Q04 Analysis|Mis-estimate Scan +4x|2|Magnitude
DuckDB|190|PLAN|TPC-H|TPCH-Q04|TPC-H Q04 Analysis|Mis-estimate Scan +8x|0|Magnitude
DuckDB|191|PLAN|TPC-H|TPCH-Q04|TPC-H Q04 Analysis|Mis-estimate Scan >16x|0|Magnitude
DuckDB|192|PLAN|TPC-H|TPCH-Q04|TPC-H Q04 Analysis|Mis-estimate Filter <16x|0|Magnitude
DuckDB|193|PLAN|TPC-H|TPCH-Q04|TPC-H Q04 Analysis|Mis-estimate Filter -8x|0|Magnitude
DuckDB|194|PLAN|TPC-H|TPCH-Q04|TPC-H Q04 Analysis|Mis-estimate Filter -4x|0|Magnitude
DuckDB|195|PLAN|TPC-H|TPCH-Q04|TPC-H Q04 Analysis|Mis-estimate Filter -2x|1|Magnitude
DuckDB|196|PLAN|TPC-H|TPCH-Q04|TPC-H Q04 Analysis|Mis-estimate Filter =|0|Magnitude
DuckDB|197|PLAN|TPC-H|TPCH-Q04|TPC-H Q04 Analysis|Mis-estimate Filter +2x|0|Magnitude
DuckDB|198|PLAN|TPC-H|TPCH-Q04|TPC-H Q04 Analysis|Mis-estimate Filter +4x|0|Magnitude
DuckDB|199|PLAN|TPC-H|TPCH-Q04|TPC-H Q04 Analysis|Mis-estimate Filter +8x|0|Magnitude
DuckDB|200|PLAN|TPC-H|TPCH-Q04|TPC-H Q04 Analysis|Mis-estimate Filter >16x|0|Magnitude
DuckDB|201|PLAN|TPC-H|TPCH-Q04|TPC-H Q04 Analysis|Plan||Plan
DuckDB|202|PLAN|TPC-H|TPCH-Q05|TPC-H Q05 Analysis|Join|6491163|Rows
DuckDB|203|PLAN|TPC-H|TPCH-Q05|TPC-H Q05 Analysis|Aggregate|6988|Rows
DuckDB|204|PLAN|TPC-H|TPCH-Q05|TPC-H Q05 Analysis|Sort|5|Rows
DuckDB|205|PLAN|TPC-H|TPCH-Q05|TPC-H Q05 Analysis|Scan|6330085|Rows
DuckDB|206|PLAN|TPC-H|TPCH-Q05|TPC-H Q05 Analysis|Mis-estimate Join <16x|0|Magnitude
DuckDB|207|PLAN|TPC-H|TPCH-Q05|TPC-H Q05 Analysis|Mis-estimate Join -8x|0|Magnitude
DuckDB|208|PLAN|TPC-H|TPCH-Q05|TPC-H Q05 Analysis|Mis-estimate Join -4x|0|Magnitude
DuckDB|209|PLAN|TPC-H|TPCH-Q05|TPC-H Q05 Analysis|Mis-estimate Join -2x|0|Magnitude
DuckDB|210|PLAN|TPC-H|TPCH-Q05|TPC-H Q05 Analysis|Mis-estimate Join =|4|Magnitude
DuckDB|211|PLAN|TPC-H|TPCH-Q05|TPC-H Q05 Analysis|Mis-estimate Join +2x|0|Magnitude
DuckDB|212|PLAN|TPC-H|TPCH-Q05|TPC-H Q05 Analysis|Mis-estimate Join +4x|0|Magnitude
DuckDB|213|PLAN|TPC-H|TPCH-Q05|TPC-H Q05 Analysis|Mis-estimate Join +8x|0|Magnitude
DuckDB|214|PLAN|TPC-H|TPCH-Q05|TPC-H Q05 Analysis|Mis-estimate Join >16x|1|Magnitude
DuckDB|215|PLAN|TPC-H|TPCH-Q05|TPC-H Q05 Analysis|Mis-estimate Aggregate <16x|0|Magnitude
DuckDB|216|PLAN|TPC-H|TPCH-Q05|TPC-H Q05 Analysis|Mis-estimate Aggregate -8x|0|Magnitude
DuckDB|217|PLAN|TPC-H|TPCH-Q05|TPC-H Q05 Analysis|Mis-estimate Aggregate -4x|0|Magnitude
DuckDB|218|PLAN|TPC-H|TPCH-Q05|TPC-H Q05 Analysis|Mis-estimate Aggregate -2x|0|Magnitude
DuckDB|219|PLAN|TPC-H|TPCH-Q05|TPC-H Q05 Analysis|Mis-estimate Aggregate =|0|Magnitude
DuckDB|220|PLAN|TPC-H|TPCH-Q05|TPC-H Q05 Analysis|Mis-estimate Aggregate +2x|0|Magnitude
DuckDB|221|PLAN|TPC-H|TPCH-Q05|TPC-H Q05 Analysis|Mis-estimate Aggregate +4x|0|Magnitude
DuckDB|222|PLAN|TPC-H|TPCH-Q05|TPC-H Q05 Analysis|Mis-estimate Aggregate +8x|0|Magnitude
DuckDB|223|PLAN|TPC-H|TPCH-Q05|TPC-H Q05 Analysis|Mis-estimate Aggregate >16x|1|Magnitude
DuckDB|224|PLAN|TPC-H|TPCH-Q05|TPC-H Q05 Analysis|Mis-estimate Sort <16x|0|Magnitude
DuckDB|225|PLAN|TPC-H|TPCH-Q05|TPC-H Q05 Analysis|Mis-estimate Sort -8x|0|Magnitude
DuckDB|226|PLAN|TPC-H|TPCH-Q05|TPC-H Q05 Analysis|Mis-estimate Sort -4x|0|Magnitude
DuckDB|227|PLAN|TPC-H|TPCH-Q05|TPC-H Q05 Analysis|Mis-estimate Sort -2x|0|Magnitude
DuckDB|228|PLAN|TPC-H|TPCH-Q05|TPC-H Q05 Analysis|Mis-estimate Sort =|0|Magnitude
DuckDB|229|PLAN|TPC-H|TPCH-Q05|TPC-H Q05 Analysis|Mis-estimate Sort +2x|0|Magnitude
DuckDB|230|PLAN|TPC-H|TPCH-Q05|TPC-H Q05 Analysis|Mis-estimate Sort +4x|0|Magnitude
DuckDB|231|PLAN|TPC-H|TPCH-Q05|TPC-H Q05 Analysis|Mis-estimate Sort +8x|0|Magnitude
DuckDB|232|PLAN|TPC-H|TPCH-Q05|TPC-H Q05 Analysis|Mis-estimate Sort >16x|1|Magnitude
DuckDB|233|PLAN|TPC-H|TPCH-Q05|TPC-H Q05 Analysis|Mis-estimate Scan <16x|0|Magnitude
DuckDB|234|PLAN|TPC-H|TPCH-Q05|TPC-H Q05 Analysis|Mis-estimate Scan -8x|0|Magnitude
DuckDB|235|PLAN|TPC-H|TPCH-Q05|TPC-H Q05 Analysis|Mis-estimate Scan -4x|0|Magnitude
DuckDB|236|PLAN|TPC-H|TPCH-Q05|TPC-H Q05 Analysis|Mis-estimate Scan -2x|0|Magnitude
DuckDB|237|PLAN|TPC-H|TPCH-Q05|TPC-H Q05 Analysis|Mis-estimate Scan =|5|Magnitude
DuckDB|238|PLAN|TPC-H|TPCH-Q05|TPC-H Q05 Analysis|Mis-estimate Scan +2x|0|Magnitude
DuckDB|239|PLAN|TPC-H|TPCH-Q05|TPC-H Q05 Analysis|Mis-estimate Scan +4x|1|Magnitude
DuckDB|240|PLAN|TPC-H|TPCH-Q05|TPC-H Q05 Analysis|Mis-estimate Scan +8x|0|Magnitude
DuckDB|241|PLAN|TPC-H|TPCH-Q05|TPC-H Q05 Analysis|Mis-estimate Scan >16x|1|Magnitude
DuckDB|242|PLAN|TPC-H|TPCH-Q05|TPC-H Q05 Analysis|Mis-estimate Filter <16x|0|Magnitude
DuckDB|243|PLAN|TPC-H|TPCH-Q05|TPC-H Q05 Analysis|Mis-estimate Filter -8x|0|Magnitude
DuckDB|244|PLAN|TPC-H|TPCH-Q05|TPC-H Q05 Analysis|Mis-estimate Filter -4x|0|Magnitude
DuckDB|245|PLAN|TPC-H|TPCH-Q05|TPC-H Q05 Analysis|Mis-estimate Filter -2x|0|Magnitude
DuckDB|246|PLAN|TPC-H|TPCH-Q05|TPC-H Q05 Analysis|Mis-estimate Filter =|0|Magnitude
DuckDB|247|PLAN|TPC-H|TPCH-Q05|TPC-H Q05 Analysis|Mis-estimate Filter +2x|0|Magnitude
DuckDB|248|PLAN|TPC-H|TPCH-Q05|TPC-H Q05 Analysis|Mis-estimate Filter +4x|0|Magnitude
DuckDB|249|PLAN|TPC-H|TPCH-Q05|TPC-H Q05 Analysis|Mis-estimate Filter +8x|0|Magnitude
DuckDB|250|PLAN|TPC-H|TPCH-Q05|TPC-H Q05 Analysis|Mis-estimate Filter >16x|0|Magnitude
DuckDB|251|PLAN|TPC-H|TPCH-Q05|TPC-H Q05 Analysis|Plan||Plan
DuckDB|252|PLAN|TPC-H|TPCH-Q05HR|TPC-H Q05HR Analysis|Join|6495272|Rows
DuckDB|253|PLAN|TPC-H|TPCH-Q05HR|TPC-H Q05HR Analysis|Aggregate|34761|Rows
DuckDB|254|PLAN|TPC-H|TPCH-Q05HR|TPC-H Q05HR Analysis|Sort|5|Rows
DuckDB|255|PLAN|TPC-H|TPCH-Q05HR|TPC-H Q05HR Analysis|Scan|6324290|Rows
DuckDB|256|PLAN|TPC-H|TPCH-Q05HR|TPC-H Q05HR Analysis|Mis-estimate Join <16x|0|Magnitude
DuckDB|257|PLAN|TPC-H|TPCH-Q05HR|TPC-H Q05HR Analysis|Mis-estimate Join -8x|0|Magnitude
DuckDB|258|PLAN|TPC-H|TPCH-Q05HR|TPC-H Q05HR Analysis|Mis-estimate Join -4x|0|Magnitude
DuckDB|259|PLAN|TPC-H|TPCH-Q05HR|TPC-H Q05HR Analysis|Mis-estimate Join -2x|0|Magnitude
DuckDB|260|PLAN|TPC-H|TPCH-Q05HR|TPC-H Q05HR Analysis|Mis-estimate Join =|7|Magnitude
DuckDB|261|PLAN|TPC-H|TPCH-Q05HR|TPC-H Q05HR Analysis|Mis-estimate Join +2x|0|Magnitude
DuckDB|262|PLAN|TPC-H|TPCH-Q05HR|TPC-H Q05HR Analysis|Mis-estimate Join +4x|0|Magnitude
DuckDB|263|PLAN|TPC-H|TPCH-Q05HR|TPC-H Q05HR Analysis|Mis-estimate Join +8x|0|Magnitude
DuckDB|264|PLAN|TPC-H|TPCH-Q05HR|TPC-H Q05HR Analysis|Mis-estimate Join >16x|0|Magnitude
DuckDB|265|PLAN|TPC-H|TPCH-Q05HR|TPC-H Q05HR Analysis|Mis-estimate Aggregate <16x|0|Magnitude
DuckDB|266|PLAN|TPC-H|TPCH-Q05HR|TPC-H Q05HR Analysis|Mis-estimate Aggregate -8x|0|Magnitude
DuckDB|267|PLAN|TPC-H|TPCH-Q05HR|TPC-H Q05HR Analysis|Mis-estimate Aggregate -4x|0|Magnitude
DuckDB|268|PLAN|TPC-H|TPCH-Q05HR|TPC-H Q05HR Analysis|Mis-estimate Aggregate -2x|0|Magnitude
DuckDB|269|PLAN|TPC-H|TPCH-Q05HR|TPC-H Q05HR Analysis|Mis-estimate Aggregate =|0|Magnitude
DuckDB|270|PLAN|TPC-H|TPCH-Q05HR|TPC-H Q05HR Analysis|Mis-estimate Aggregate +2x|0|Magnitude
DuckDB|271|PLAN|TPC-H|TPCH-Q05HR|TPC-H Q05HR Analysis|Mis-estimate Aggregate +4x|0|Magnitude
DuckDB|272|PLAN|TPC-H|TPCH-Q05HR|TPC-H Q05HR Analysis|Mis-estimate Aggregate +8x|0|Magnitude
DuckDB|273|PLAN|TPC-H|TPCH-Q05HR|TPC-H Q05HR Analysis|Mis-estimate Aggregate >16x|1|Magnitude
DuckDB|274|PLAN|TPC-H|TPCH-Q05HR|TPC-H Q05HR Analysis|Mis-estimate Sort <16x|0|Magnitude
DuckDB|275|PLAN|TPC-H|TPCH-Q05HR|TPC-H Q05HR Analysis|Mis-estimate Sort -8x|0|Magnitude
DuckDB|276|PLAN|TPC-H|TPCH-Q05HR|TPC-H Q05HR Analysis|Mis-estimate Sort -4x|0|Magnitude
DuckDB|277|PLAN|TPC-H|TPCH-Q05HR|TPC-H Q05HR Analysis|Mis-estimate Sort -2x|0|Magnitude
DuckDB|278|PLAN|TPC-H|TPCH-Q05HR|TPC-H Q05HR Analysis|Mis-estimate Sort =|0|Magnitude
DuckDB|279|PLAN|TPC-H|TPCH-Q05HR|TPC-H Q05HR Analysis|Mis-estimate Sort +2x|0|Magnitude
DuckDB|280|PLAN|TPC-H|TPCH-Q05HR|TPC-H Q05HR Analysis|Mis-estimate Sort +4x|0|Magnitude
DuckDB|281|PLAN|TPC-H|TPCH-Q05HR|TPC-H Q05HR Analysis|Mis-estimate Sort +8x|0|Magnitude
DuckDB|282|PLAN|TPC-H|TPCH-Q05HR|TPC-H Q05HR Analysis|Mis-estimate Sort >16x|1|Magnitude
DuckDB|283|PLAN|TPC-H|TPCH-Q05HR|TPC-H Q05HR Analysis|Mis-estimate Scan <16x|0|Magnitude
DuckDB|284|PLAN|TPC-H|TPCH-Q05HR|TPC-H Q05HR Analysis|Mis-estimate Scan -8x|0|Magnitude
DuckDB|285|PLAN|TPC-H|TPCH-Q05HR|TPC-H Q05HR Analysis|Mis-estimate Scan -4x|0|Magnitude
DuckDB|286|PLAN|TPC-H|TPCH-Q05HR|TPC-H Q05HR Analysis|Mis-estimate Scan -2x|0|Magnitude
DuckDB|287|PLAN|TPC-H|TPCH-Q05HR|TPC-H Q05HR Analysis|Mis-estimate Scan =|6|Magnitude
DuckDB|288|PLAN|TPC-H|TPCH-Q05HR|TPC-H Q05HR Analysis|Mis-estimate Scan +2x|0|Magnitude
DuckDB|289|PLAN|TPC-H|TPCH-Q05HR|TPC-H Q05HR Analysis|Mis-estimate Scan +4x|2|Magnitude
DuckDB|290|PLAN|TPC-H|TPCH-Q05HR|TPC-H Q05HR Analysis|Mis-estimate Scan +8x|0|Magnitude
DuckDB|291|PLAN|TPC-H|TPCH-Q05HR|TPC-H Q05HR Analysis|Mis-estimate Scan >16x|1|Magnitude
DuckDB|292|PLAN|TPC-H|TPCH-Q05HR|TPC-H Q05HR Analysis|Mis-estimate Filter <16x|0|Magnitude
DuckDB|293|PLAN|TPC-H|TPCH-Q05HR|TPC-H Q05HR Analysis|Mis-estimate Filter -8x|0|Magnitude
DuckDB|294|PLAN|TPC-H|TPCH-Q05HR|TPC-H Q05HR Analysis|Mis-estimate Filter -4x|0|Magnitude
DuckDB|295|PLAN|TPC-H|TPCH-Q05HR|TPC-H Q05HR Analysis|Mis-estimate Filter -2x|0|Magnitude
DuckDB|296|PLAN|TPC-H|TPCH-Q05HR|TPC-H Q05HR Analysis|Mis-estimate Filter =|0|Magnitude
DuckDB|297|PLAN|TPC-H|TPCH-Q05HR|TPC-H Q05HR Analysis|Mis-estimate Filter +2x|0|Magnitude
DuckDB|298|PLAN|TPC-H|TPCH-Q05HR|TPC-H Q05HR Analysis|Mis-estimate Filter +4x|0|Magnitude
DuckDB|299|PLAN|TPC-H|TPCH-Q05HR|TPC-H Q05HR Analysis|Mis-estimate Filter +8x|0|Magnitude
DuckDB|300|PLAN|TPC-H|TPCH-Q05HR|TPC-H Q05HR Analysis|Mis-estimate Filter >16x|0|Magnitude
DuckDB|301|PLAN|TPC-H|TPCH-Q05HR|TPC-H Q05HR Analysis|Plan||Plan
DuckDB|302|PLAN|TPC-H|TPCH-Q06|TPC-H Q06 Analysis|Join|0|Rows
DuckDB|303|PLAN|TPC-H|TPCH-Q06|TPC-H Q06 Analysis|Aggregate|121011|Rows
DuckDB|304|PLAN|TPC-H|TPCH-Q06|TPC-H Q06 Analysis|Sort|0|Rows
DuckDB|305|PLAN|TPC-H|TPCH-Q06|TPC-H Q06 Analysis|Scan|121011|Rows
DuckDB|306|PLAN|TPC-H|TPCH-Q06|TPC-H Q06 Analysis|Mis-estimate Join <16x|0|Magnitude
DuckDB|307|PLAN|TPC-H|TPCH-Q06|TPC-H Q06 Analysis|Mis-estimate Join -8x|0|Magnitude
DuckDB|308|PLAN|TPC-H|TPCH-Q06|TPC-H Q06 Analysis|Mis-estimate Join -4x|0|Magnitude
DuckDB|309|PLAN|TPC-H|TPCH-Q06|TPC-H Q06 Analysis|Mis-estimate Join -2x|0|Magnitude
DuckDB|310|PLAN|TPC-H|TPCH-Q06|TPC-H Q06 Analysis|Mis-estimate Join =|0|Magnitude
DuckDB|311|PLAN|TPC-H|TPCH-Q06|TPC-H Q06 Analysis|Mis-estimate Join +2x|0|Magnitude
DuckDB|312|PLAN|TPC-H|TPCH-Q06|TPC-H Q06 Analysis|Mis-estimate Join +4x|0|Magnitude
DuckDB|313|PLAN|TPC-H|TPCH-Q06|TPC-H Q06 Analysis|Mis-estimate Join +8x|0|Magnitude
DuckDB|314|PLAN|TPC-H|TPCH-Q06|TPC-H Q06 Analysis|Mis-estimate Join >16x|0|Magnitude
DuckDB|315|PLAN|TPC-H|TPCH-Q06|TPC-H Q06 Analysis|Mis-estimate Aggregate <16x|0|Magnitude
DuckDB|316|PLAN|TPC-H|TPCH-Q06|TPC-H Q06 Analysis|Mis-estimate Aggregate -8x|0|Magnitude
DuckDB|317|PLAN|TPC-H|TPCH-Q06|TPC-H Q06 Analysis|Mis-estimate Aggregate -4x|0|Magnitude
DuckDB|318|PLAN|TPC-H|TPCH-Q06|TPC-H Q06 Analysis|Mis-estimate Aggregate -2x|0|Magnitude
DuckDB|319|PLAN|TPC-H|TPCH-Q06|TPC-H Q06 Analysis|Mis-estimate Aggregate =|0|Magnitude
DuckDB|320|PLAN|TPC-H|TPCH-Q06|TPC-H Q06 Analysis|Mis-estimate Aggregate +2x|0|Magnitude
DuckDB|321|PLAN|TPC-H|TPCH-Q06|TPC-H Q06 Analysis|Mis-estimate Aggregate +4x|0|Magnitude
DuckDB|322|PLAN|TPC-H|TPCH-Q06|TPC-H Q06 Analysis|Mis-estimate Aggregate +8x|0|Magnitude
DuckDB|323|PLAN|TPC-H|TPCH-Q06|TPC-H Q06 Analysis|Mis-estimate Aggregate >16x|1|Magnitude
DuckDB|324|PLAN|TPC-H|TPCH-Q06|TPC-H Q06 Analysis|Mis-estimate Sort <16x|0|Magnitude
DuckDB|325|PLAN|TPC-H|TPCH-Q06|TPC-H Q06 Analysis|Mis-estimate Sort -8x|0|Magnitude
DuckDB|326|PLAN|TPC-H|TPCH-Q06|TPC-H Q06 Analysis|Mis-estimate Sort -4x|0|Magnitude
DuckDB|327|PLAN|TPC-H|TPCH-Q06|TPC-H Q06 Analysis|Mis-estimate Sort -2x|0|Magnitude
DuckDB|328|PLAN|TPC-H|TPCH-Q06|TPC-H Q06 Analysis|Mis-estimate Sort =|0|Magnitude
DuckDB|329|PLAN|TPC-H|TPCH-Q06|TPC-H Q06 Analysis|Mis-estimate Sort +2x|0|Magnitude
DuckDB|330|PLAN|TPC-H|TPCH-Q06|TPC-H Q06 Analysis|Mis-estimate Sort +4x|0|Magnitude
DuckDB|331|PLAN|TPC-H|TPCH-Q06|TPC-H Q06 Analysis|Mis-estimate Sort +8x|0|Magnitude
DuckDB|332|PLAN|TPC-H|TPCH-Q06|TPC-H Q06 Analysis|Mis-estimate Sort >16x|0|Magnitude
DuckDB|333|PLAN|TPC-H|TPCH-Q06|TPC-H Q06 Analysis|Mis-estimate Scan <16x|0|Magnitude
DuckDB|334|PLAN|TPC-H|TPCH-Q06|TPC-H Q06 Analysis|Mis-estimate Scan -8x|0|Magnitude
DuckDB|335|PLAN|TPC-H|TPCH-Q06|TPC-H Q06 Analysis|Mis-estimate Scan -4x|0|Magnitude
DuckDB|336|PLAN|TPC-H|TPCH-Q06|TPC-H Q06 Analysis|Mis-estimate Scan -2x|0|Magnitude
DuckDB|337|PLAN|TPC-H|TPCH-Q06|TPC-H Q06 Analysis|Mis-estimate Scan =|0|Magnitude
DuckDB|338|PLAN|TPC-H|TPCH-Q06|TPC-H Q06 Analysis|Mis-estimate Scan +2x|0|Magnitude
DuckDB|339|PLAN|TPC-H|TPCH-Q06|TPC-H Q06 Analysis|Mis-estimate Scan +4x|0|Magnitude
DuckDB|340|PLAN|TPC-H|TPCH-Q06|TPC-H Q06 Analysis|Mis-estimate Scan +8x|1|Magnitude
DuckDB|341|PLAN|TPC-H|TPCH-Q06|TPC-H Q06 Analysis|Mis-estimate Scan >16x|1|Magnitude
DuckDB|342|PLAN|TPC-H|TPCH-Q06|TPC-H Q06 Analysis|Mis-estimate Filter <16x|0|Magnitude
DuckDB|343|PLAN|TPC-H|TPCH-Q06|TPC-H Q06 Analysis|Mis-estimate Filter -8x|0|Magnitude
DuckDB|344|PLAN|TPC-H|TPCH-Q06|TPC-H Q06 Analysis|Mis-estimate Filter -4x|0|Magnitude
DuckDB|345|PLAN|TPC-H|TPCH-Q06|TPC-H Q06 Analysis|Mis-estimate Filter -2x|0|Magnitude
DuckDB|346|PLAN|TPC-H|TPCH-Q06|TPC-H Q06 Analysis|Mis-estimate Filter =|0|Magnitude
DuckDB|347|PLAN|TPC-H|TPCH-Q06|TPC-H Q06 Analysis|Mis-estimate Filter +2x|0|Magnitude
DuckDB|348|PLAN|TPC-H|TPCH-Q06|TPC-H Q06 Analysis|Mis-estimate Filter +4x|0|Magnitude
DuckDB|349|PLAN|TPC-H|TPCH-Q06|TPC-H Q06 Analysis|Mis-estimate Filter +8x|0|Magnitude
DuckDB|350|PLAN|TPC-H|TPCH-Q06|TPC-H Q06 Analysis|Mis-estimate Filter >16x|0|Magnitude
DuckDB|351|PLAN|TPC-H|TPCH-Q06|TPC-H Q06 Analysis|Plan||Plan
DuckDB|352|PLAN|TPC-H|TPCH-Q07|TPC-H Q07 Analysis|Join|7992060|Rows
DuckDB|353|PLAN|TPC-H|TPCH-Q07|TPC-H Q07 Analysis|Aggregate|12302|Rows
DuckDB|354|PLAN|TPC-H|TPCH-Q07|TPC-H Q07 Analysis|Sort|10|Rows
DuckDB|355|PLAN|TPC-H|TPCH-Q07|TPC-H Q07 Analysis|Scan|7501210|Rows
DuckDB|356|PLAN|TPC-H|TPCH-Q07|TPC-H Q07 Analysis|Mis-estimate Join <16x|0|Magnitude
DuckDB|357|PLAN|TPC-H|TPCH-Q07|TPC-H Q07 Analysis|Mis-estimate Join -8x|0|Magnitude
DuckDB|358|PLAN|TPC-H|TPCH-Q07|TPC-H Q07 Analysis|Mis-estimate Join -4x|0|Magnitude
DuckDB|359|PLAN|TPC-H|TPCH-Q07|TPC-H Q07 Analysis|Mis-estimate Join -2x|0|Magnitude
DuckDB|360|PLAN|TPC-H|TPCH-Q07|TPC-H Q07 Analysis|Mis-estimate Join =|0|Magnitude
DuckDB|361|PLAN|TPC-H|TPCH-Q07|TPC-H Q07 Analysis|Mis-estimate Join +2x|4|Magnitude
DuckDB|362|PLAN|TPC-H|TPCH-Q07|TPC-H Q07 Analysis|Mis-estimate Join +4x|1|Magnitude
DuckDB|363|PLAN|TPC-H|TPCH-Q07|TPC-H Q07 Analysis|Mis-estimate Join +8x|0|Magnitude
DuckDB|364|PLAN|TPC-H|TPCH-Q07|TPC-H Q07 Analysis|Mis-estimate Join >16x|0|Magnitude
DuckDB|365|PLAN|TPC-H|TPCH-Q07|TPC-H Q07 Analysis|Mis-estimate Aggregate <16x|0|Magnitude
DuckDB|366|PLAN|TPC-H|TPCH-Q07|TPC-H Q07 Analysis|Mis-estimate Aggregate -8x|0|Magnitude
DuckDB|367|PLAN|TPC-H|TPCH-Q07|TPC-H Q07 Analysis|Mis-estimate Aggregate -4x|0|Magnitude
DuckDB|368|PLAN|TPC-H|TPCH-Q07|TPC-H Q07 Analysis|Mis-estimate Aggregate -2x|0|Magnitude
DuckDB|369|PLAN|TPC-H|TPCH-Q07|TPC-H Q07 Analysis|Mis-estimate Aggregate =|0|Magnitude
DuckDB|370|PLAN|TPC-H|TPCH-Q07|TPC-H Q07 Analysis|Mis-estimate Aggregate +2x|0|Magnitude
DuckDB|371|PLAN|TPC-H|TPCH-Q07|TPC-H Q07 Analysis|Mis-estimate Aggregate +4x|0|Magnitude
DuckDB|372|PLAN|TPC-H|TPCH-Q07|TPC-H Q07 Analysis|Mis-estimate Aggregate +8x|0|Magnitude
DuckDB|373|PLAN|TPC-H|TPCH-Q07|TPC-H Q07 Analysis|Mis-estimate Aggregate >16x|1|Magnitude
DuckDB|374|PLAN|TPC-H|TPCH-Q07|TPC-H Q07 Analysis|Mis-estimate Sort <16x|0|Magnitude
DuckDB|375|PLAN|TPC-H|TPCH-Q07|TPC-H Q07 Analysis|Mis-estimate Sort -8x|0|Magnitude
DuckDB|376|PLAN|TPC-H|TPCH-Q07|TPC-H Q07 Analysis|Mis-estimate Sort -4x|0|Magnitude
DuckDB|377|PLAN|TPC-H|TPCH-Q07|TPC-H Q07 Analysis|Mis-estimate Sort -2x|0|Magnitude
DuckDB|378|PLAN|TPC-H|TPCH-Q07|TPC-H Q07 Analysis|Mis-estimate Sort =|0|Magnitude
DuckDB|379|PLAN|TPC-H|TPCH-Q07|TPC-H Q07 Analysis|Mis-estimate Sort +2x|0|Magnitude
DuckDB|380|PLAN|TPC-H|TPCH-Q07|TPC-H Q07 Analysis|Mis-estimate Sort +4x|0|Magnitude
DuckDB|381|PLAN|TPC-H|TPCH-Q07|TPC-H Q07 Analysis|Mis-estimate Sort +8x|0|Magnitude
DuckDB|382|PLAN|TPC-H|TPCH-Q07|TPC-H Q07 Analysis|Mis-estimate Sort >16x|1|Magnitude
DuckDB|383|PLAN|TPC-H|TPCH-Q07|TPC-H Q07 Analysis|Mis-estimate Scan <16x|0|Magnitude
DuckDB|384|PLAN|TPC-H|TPCH-Q07|TPC-H Q07 Analysis|Mis-estimate Scan -8x|0|Magnitude
DuckDB|385|PLAN|TPC-H|TPCH-Q07|TPC-H Q07 Analysis|Mis-estimate Scan -4x|0|Magnitude
DuckDB|386|PLAN|TPC-H|TPCH-Q07|TPC-H Q07 Analysis|Mis-estimate Scan -2x|0|Magnitude
DuckDB|387|PLAN|TPC-H|TPCH-Q07|TPC-H Q07 Analysis|Mis-estimate Scan =|4|Magnitude
DuckDB|388|PLAN|TPC-H|TPCH-Q07|TPC-H Q07 Analysis|Mis-estimate Scan +2x|0|Magnitude
DuckDB|389|PLAN|TPC-H|TPCH-Q07|TPC-H Q07 Analysis|Mis-estimate Scan +4x|0|Magnitude
DuckDB|390|PLAN|TPC-H|TPCH-Q07|TPC-H Q07 Analysis|Mis-estimate Scan +8x|2|Magnitude
DuckDB|391|PLAN|TPC-H|TPCH-Q07|TPC-H Q07 Analysis|Mis-estimate Scan >16x|1|Magnitude
DuckDB|392|PLAN|TPC-H|TPCH-Q07|TPC-H Q07 Analysis|Mis-estimate Filter <16x|0|Magnitude
DuckDB|393|PLAN|TPC-H|TPCH-Q07|TPC-H Q07 Analysis|Mis-estimate Filter -8x|0|Magnitude
DuckDB|394|PLAN|TPC-H|TPCH-Q07|TPC-H Q07 Analysis|Mis-estimate Filter -4x|0|Magnitude
DuckDB|395|PLAN|TPC-H|TPCH-Q07|TPC-H Q07 Analysis|Mis-estimate Filter -2x|0|Magnitude
DuckDB|396|PLAN|TPC-H|TPCH-Q07|TPC-H Q07 Analysis|Mis-estimate Filter =|0|Magnitude
DuckDB|397|PLAN|TPC-H|TPCH-Q07|TPC-H Q07 Analysis|Mis-estimate Filter +2x|1|Magnitude
DuckDB|398|PLAN|TPC-H|TPCH-Q07|TPC-H Q07 Analysis|Mis-estimate Filter +4x|0|Magnitude
DuckDB|399|PLAN|TPC-H|TPCH-Q07|TPC-H Q07 Analysis|Mis-estimate Filter +8x|1|Magnitude
DuckDB|400|PLAN|TPC-H|TPCH-Q07|TPC-H Q07 Analysis|Mis-estimate Filter >16x|1|Magnitude
DuckDB|401|PLAN|TPC-H|TPCH-Q07|TPC-H Q07 Analysis|Plan||Plan
DuckDB|402|PLAN|TPC-H|TPCH-Q08|TPC-H Q08 Analysis|Join|6548845|Rows
DuckDB|403|PLAN|TPC-H|TPCH-Q08|TPC-H Q08 Analysis|Aggregate|2323|Rows
DuckDB|404|PLAN|TPC-H|TPCH-Q08|TPC-H Q08 Analysis|Sort|2|Rows
DuckDB|405|PLAN|TPC-H|TPCH-Q08|TPC-H Q08 Analysis|Scan|6539428|Rows
DuckDB|406|PLAN|TPC-H|TPCH-Q08|TPC-H Q08 Analysis|Mis-estimate Join <16x|0|Magnitude
DuckDB|407|PLAN|TPC-H|TPCH-Q08|TPC-H Q08 Analysis|Mis-estimate Join -8x|0|Magnitude
DuckDB|408|PLAN|TPC-H|TPCH-Q08|TPC-H Q08 Analysis|Mis-estimate Join -4x|0|Magnitude
DuckDB|409|PLAN|TPC-H|TPCH-Q08|TPC-H Q08 Analysis|Mis-estimate Join -2x|0|Magnitude
DuckDB|410|PLAN|TPC-H|TPCH-Q08|TPC-H Q08 Analysis|Mis-estimate Join =|7|Magnitude
DuckDB|411|PLAN|TPC-H|TPCH-Q08|TPC-H Q08 Analysis|Mis-estimate Join +2x|0|Magnitude
DuckDB|412|PLAN|TPC-H|TPCH-Q08|TPC-H Q08 Analysis|Mis-estimate Join +4x|0|Magnitude
DuckDB|413|PLAN|TPC-H|TPCH-Q08|TPC-H Q08 Analysis|Mis-estimate Join +8x|0|Magnitude
DuckDB|414|PLAN|TPC-H|TPCH-Q08|TPC-H Q08 Analysis|Mis-estimate Join >16x|0|Magnitude
DuckDB|415|PLAN|TPC-H|TPCH-Q08|TPC-H Q08 Analysis|Mis-estimate Aggregate <16x|0|Magnitude
DuckDB|416|PLAN|TPC-H|TPCH-Q08|TPC-H Q08 Analysis|Mis-estimate Aggregate -8x|0|Magnitude
DuckDB|417|PLAN|TPC-H|TPCH-Q08|TPC-H Q08 Analysis|Mis-estimate Aggregate -4x|0|Magnitude
DuckDB|418|PLAN|TPC-H|TPCH-Q08|TPC-H Q08 Analysis|Mis-estimate Aggregate -2x|0|Magnitude
DuckDB|419|PLAN|TPC-H|TPCH-Q08|TPC-H Q08 Analysis|Mis-estimate Aggregate =|0|Magnitude
DuckDB|420|PLAN|TPC-H|TPCH-Q08|TPC-H Q08 Analysis|Mis-estimate Aggregate +2x|0|Magnitude
DuckDB|421|PLAN|TPC-H|TPCH-Q08|TPC-H Q08 Analysis|Mis-estimate Aggregate +4x|0|Magnitude
DuckDB|422|PLAN|TPC-H|TPCH-Q08|TPC-H Q08 Analysis|Mis-estimate Aggregate +8x|0|Magnitude
DuckDB|423|PLAN|TPC-H|TPCH-Q08|TPC-H Q08 Analysis|Mis-estimate Aggregate >16x|1|Magnitude
DuckDB|424|PLAN|TPC-H|TPCH-Q08|TPC-H Q08 Analysis|Mis-estimate Sort <16x|0|Magnitude
DuckDB|425|PLAN|TPC-H|TPCH-Q08|TPC-H Q08 Analysis|Mis-estimate Sort -8x|0|Magnitude
DuckDB|426|PLAN|TPC-H|TPCH-Q08|TPC-H Q08 Analysis|Mis-estimate Sort -4x|0|Magnitude
DuckDB|427|PLAN|TPC-H|TPCH-Q08|TPC-H Q08 Analysis|Mis-estimate Sort -2x|0|Magnitude
DuckDB|428|PLAN|TPC-H|TPCH-Q08|TPC-H Q08 Analysis|Mis-estimate Sort =|0|Magnitude
DuckDB|429|PLAN|TPC-H|TPCH-Q08|TPC-H Q08 Analysis|Mis-estimate Sort +2x|0|Magnitude
DuckDB|430|PLAN|TPC-H|TPCH-Q08|TPC-H Q08 Analysis|Mis-estimate Sort +4x|0|Magnitude
DuckDB|431|PLAN|TPC-H|TPCH-Q08|TPC-H Q08 Analysis|Mis-estimate Sort +8x|0|Magnitude
DuckDB|432|PLAN|TPC-H|TPCH-Q08|TPC-H Q08 Analysis|Mis-estimate Sort >16x|1|Magnitude
DuckDB|433|PLAN|TPC-H|TPCH-Q08|TPC-H Q08 Analysis|Mis-estimate Scan <16x|0|Magnitude
DuckDB|434|PLAN|TPC-H|TPCH-Q08|TPC-H Q08 Analysis|Mis-estimate Scan -8x|0|Magnitude
DuckDB|435|PLAN|TPC-H|TPCH-Q08|TPC-H Q08 Analysis|Mis-estimate Scan -4x|0|Magnitude
DuckDB|436|PLAN|TPC-H|TPCH-Q08|TPC-H Q08 Analysis|Mis-estimate Scan -2x|0|Magnitude
DuckDB|437|PLAN|TPC-H|TPCH-Q08|TPC-H Q08 Analysis|Mis-estimate Scan =|7|Magnitude
DuckDB|438|PLAN|TPC-H|TPCH-Q08|TPC-H Q08 Analysis|Mis-estimate Scan +2x|0|Magnitude
DuckDB|439|PLAN|TPC-H|TPCH-Q08|TPC-H Q08 Analysis|Mis-estimate Scan +4x|1|Magnitude
DuckDB|440|PLAN|TPC-H|TPCH-Q08|TPC-H Q08 Analysis|Mis-estimate Scan +8x|0|Magnitude
DuckDB|441|PLAN|TPC-H|TPCH-Q08|TPC-H Q08 Analysis|Mis-estimate Scan >16x|1|Magnitude
DuckDB|442|PLAN|TPC-H|TPCH-Q08|TPC-H Q08 Analysis|Mis-estimate Filter <16x|0|Magnitude
DuckDB|443|PLAN|TPC-H|TPCH-Q08|TPC-H Q08 Analysis|Mis-estimate Filter -8x|0|Magnitude
DuckDB|444|PLAN|TPC-H|TPCH-Q08|TPC-H Q08 Analysis|Mis-estimate Filter -4x|0|Magnitude
DuckDB|445|PLAN|TPC-H|TPCH-Q08|TPC-H Q08 Analysis|Mis-estimate Filter -2x|0|Magnitude
DuckDB|446|PLAN|TPC-H|TPCH-Q08|TPC-H Q08 Analysis|Mis-estimate Filter =|0|Magnitude
DuckDB|447|PLAN|TPC-H|TPCH-Q08|TPC-H Q08 Analysis|Mis-estimate Filter +2x|0|Magnitude
DuckDB|448|PLAN|TPC-H|TPCH-Q08|TPC-H Q08 Analysis|Mis-estimate Filter +4x|0|Magnitude
DuckDB|449|PLAN|TPC-H|TPCH-Q08|TPC-H Q08 Analysis|Mis-estimate Filter +8x|0|Magnitude
DuckDB|450|PLAN|TPC-H|TPCH-Q08|TPC-H Q08 Analysis|Mis-estimate Filter >16x|0|Magnitude
DuckDB|451|PLAN|TPC-H|TPCH-Q08|TPC-H Q08 Analysis|Plan||Plan
DuckDB|452|PLAN|TPC-H|TPCH-Q09|TPC-H Q09 Analysis|Join|5598397|Rows
DuckDB|453|PLAN|TPC-H|TPCH-Q09|TPC-H Q09 Analysis|Aggregate|245491|Rows
DuckDB|454|PLAN|TPC-H|TPCH-Q09|TPC-H Q09 Analysis|Sort|175|Rows
DuckDB|455|PLAN|TPC-H|TPCH-Q09|TPC-H Q09 Analysis|Scan|6618379|Rows
DuckDB|456|PLAN|TPC-H|TPCH-Q09|TPC-H Q09 Analysis|Mis-estimate Join <16x|0|Magnitude
DuckDB|457|PLAN|TPC-H|TPCH-Q09|TPC-H Q09 Analysis|Mis-estimate Join -8x|0|Magnitude
DuckDB|458|PLAN|TPC-H|TPCH-Q09|TPC-H Q09 Analysis|Mis-estimate Join -4x|0|Magnitude
DuckDB|459|PLAN|TPC-H|TPCH-Q09|TPC-H Q09 Analysis|Mis-estimate Join -2x|0|Magnitude
DuckDB|460|PLAN|TPC-H|TPCH-Q09|TPC-H Q09 Analysis|Mis-estimate Join =|1|Magnitude
DuckDB|461|PLAN|TPC-H|TPCH-Q09|TPC-H Q09 Analysis|Mis-estimate Join +2x|1|Magnitude
DuckDB|462|PLAN|TPC-H|TPCH-Q09|TPC-H Q09 Analysis|Mis-estimate Join +4x|2|Magnitude
DuckDB|463|PLAN|TPC-H|TPCH-Q09|TPC-H Q09 Analysis|Mis-estimate Join +8x|0|Magnitude
DuckDB|464|PLAN|TPC-H|TPCH-Q09|TPC-H Q09 Analysis|Mis-estimate Join >16x|1|Magnitude
DuckDB|465|PLAN|TPC-H|TPCH-Q09|TPC-H Q09 Analysis|Mis-estimate Aggregate <16x|0|Magnitude
DuckDB|466|PLAN|TPC-H|TPCH-Q09|TPC-H Q09 Analysis|Mis-estimate Aggregate -8x|0|Magnitude
DuckDB|467|PLAN|TPC-H|TPCH-Q09|TPC-H Q09 Analysis|Mis-estimate Aggregate -4x|0|Magnitude
DuckDB|468|PLAN|TPC-H|TPCH-Q09|TPC-H Q09 Analysis|Mis-estimate Aggregate -2x|0|Magnitude
DuckDB|469|PLAN|TPC-H|TPCH-Q09|TPC-H Q09 Analysis|Mis-estimate Aggregate =|0|Magnitude
DuckDB|470|PLAN|TPC-H|TPCH-Q09|TPC-H Q09 Analysis|Mis-estimate Aggregate +2x|0|Magnitude
DuckDB|471|PLAN|TPC-H|TPCH-Q09|TPC-H Q09 Analysis|Mis-estimate Aggregate +4x|0|Magnitude
DuckDB|472|PLAN|TPC-H|TPCH-Q09|TPC-H Q09 Analysis|Mis-estimate Aggregate +8x|0|Magnitude
DuckDB|473|PLAN|TPC-H|TPCH-Q09|TPC-H Q09 Analysis|Mis-estimate Aggregate >16x|1|Magnitude
DuckDB|474|PLAN|TPC-H|TPCH-Q09|TPC-H Q09 Analysis|Mis-estimate Sort <16x|0|Magnitude
DuckDB|475|PLAN|TPC-H|TPCH-Q09|TPC-H Q09 Analysis|Mis-estimate Sort -8x|0|Magnitude
DuckDB|476|PLAN|TPC-H|TPCH-Q09|TPC-H Q09 Analysis|Mis-estimate Sort -4x|0|Magnitude
DuckDB|477|PLAN|TPC-H|TPCH-Q09|TPC-H Q09 Analysis|Mis-estimate Sort -2x|0|Magnitude
DuckDB|478|PLAN|TPC-H|TPCH-Q09|TPC-H Q09 Analysis|Mis-estimate Sort =|0|Magnitude
DuckDB|479|PLAN|TPC-H|TPCH-Q09|TPC-H Q09 Analysis|Mis-estimate Sort +2x|0|Magnitude
DuckDB|480|PLAN|TPC-H|TPCH-Q09|TPC-H Q09 Analysis|Mis-estimate Sort +4x|0|Magnitude
DuckDB|481|PLAN|TPC-H|TPCH-Q09|TPC-H Q09 Analysis|Mis-estimate Sort +8x|0|Magnitude
DuckDB|482|PLAN|TPC-H|TPCH-Q09|TPC-H Q09 Analysis|Mis-estimate Sort >16x|1|Magnitude
DuckDB|483|PLAN|TPC-H|TPCH-Q09|TPC-H Q09 Analysis|Mis-estimate Scan <16x|0|Magnitude
DuckDB|484|PLAN|TPC-H|TPCH-Q09|TPC-H Q09 Analysis|Mis-estimate Scan -8x|0|Magnitude
DuckDB|485|PLAN|TPC-H|TPCH-Q09|TPC-H Q09 Analysis|Mis-estimate Scan -4x|0|Magnitude
DuckDB|486|PLAN|TPC-H|TPCH-Q09|TPC-H Q09 Analysis|Mis-estimate Scan -2x|0|Magnitude
DuckDB|487|PLAN|TPC-H|TPCH-Q09|TPC-H Q09 Analysis|Mis-estimate Scan =|5|Magnitude
DuckDB|488|PLAN|TPC-H|TPCH-Q09|TPC-H Q09 Analysis|Mis-estimate Scan +2x|1|Magnitude
DuckDB|489|PLAN|TPC-H|TPCH-Q09|TPC-H Q09 Analysis|Mis-estimate Scan +4x|0|Magnitude
DuckDB|490|PLAN|TPC-H|TPCH-Q09|TPC-H Q09 Analysis|Mis-estimate Scan +8x|0|Magnitude
DuckDB|491|PLAN|TPC-H|TPCH-Q09|TPC-H Q09 Analysis|Mis-estimate Scan >16x|1|Magnitude
DuckDB|492|PLAN|TPC-H|TPCH-Q09|TPC-H Q09 Analysis|Mis-estimate Filter <16x|0|Magnitude
DuckDB|493|PLAN|TPC-H|TPCH-Q09|TPC-H Q09 Analysis|Mis-estimate Filter -8x|0|Magnitude
DuckDB|494|PLAN|TPC-H|TPCH-Q09|TPC-H Q09 Analysis|Mis-estimate Filter -4x|0|Magnitude
DuckDB|495|PLAN|TPC-H|TPCH-Q09|TPC-H Q09 Analysis|Mis-estimate Filter -2x|0|Magnitude
DuckDB|496|PLAN|TPC-H|TPCH-Q09|TPC-H Q09 Analysis|Mis-estimate Filter =|1|Magnitude
DuckDB|497|PLAN|TPC-H|TPCH-Q09|TPC-H Q09 Analysis|Mis-estimate Filter +2x|0|Magnitude
DuckDB|498|PLAN|TPC-H|TPCH-Q09|TPC-H Q09 Analysis|Mis-estimate Filter +4x|1|Magnitude
DuckDB|499|PLAN|TPC-H|TPCH-Q09|TPC-H Q09 Analysis|Mis-estimate Filter +8x|0|Magnitude
DuckDB|500|PLAN|TPC-H|TPCH-Q09|TPC-H Q09 Analysis|Mis-estimate Filter >16x|0|Magnitude
DuckDB|501|PLAN|TPC-H|TPCH-Q09|TPC-H Q09 Analysis|Plan||Plan
DuckDB|502|PLAN|TPC-H|TPCH-Q10|TPC-H Q10 Analysis|Join|1692690|Rows
DuckDB|503|PLAN|TPC-H|TPCH-Q10|TPC-H Q10 Analysis|Aggregate|108325|Rows
DuckDB|504|PLAN|TPC-H|TPCH-Q10|TPC-H Q10 Analysis|Sort|30170|Rows
DuckDB|505|PLAN|TPC-H|TPCH-Q10|TPC-H Q10 Analysis|Scan|1596791|Rows
DuckDB|506|PLAN|TPC-H|TPCH-Q10|TPC-H Q10 Analysis|Mis-estimate Join <16x|0|Magnitude
DuckDB|507|PLAN|TPC-H|TPCH-Q10|TPC-H Q10 Analysis|Mis-estimate Join -8x|0|Magnitude
DuckDB|508|PLAN|TPC-H|TPCH-Q10|TPC-H Q10 Analysis|Mis-estimate Join -4x|0|Magnitude
DuckDB|509|PLAN|TPC-H|TPCH-Q10|TPC-H Q10 Analysis|Mis-estimate Join -2x|0|Magnitude
DuckDB|510|PLAN|TPC-H|TPCH-Q10|TPC-H Q10 Analysis|Mis-estimate Join =|1|Magnitude
DuckDB|511|PLAN|TPC-H|TPCH-Q10|TPC-H Q10 Analysis|Mis-estimate Join +2x|1|Magnitude
DuckDB|512|PLAN|TPC-H|TPCH-Q10|TPC-H Q10 Analysis|Mis-estimate Join +4x|1|Magnitude
DuckDB|513|PLAN|TPC-H|TPCH-Q10|TPC-H Q10 Analysis|Mis-estimate Join +8x|0|Magnitude
DuckDB|514|PLAN|TPC-H|TPCH-Q10|TPC-H Q10 Analysis|Mis-estimate Join >16x|0|Magnitude
DuckDB|515|PLAN|TPC-H|TPCH-Q10|TPC-H Q10 Analysis|Mis-estimate Aggregate <16x|0|Magnitude
DuckDB|516|PLAN|TPC-H|TPCH-Q10|TPC-H Q10 Analysis|Mis-estimate Aggregate -8x|0|Magnitude
DuckDB|517|PLAN|TPC-H|TPCH-Q10|TPC-H Q10 Analysis|Mis-estimate Aggregate -4x|0|Magnitude
DuckDB|518|PLAN|TPC-H|TPCH-Q10|TPC-H Q10 Analysis|Mis-estimate Aggregate -2x|0|Magnitude
DuckDB|519|PLAN|TPC-H|TPCH-Q10|TPC-H Q10 Analysis|Mis-estimate Aggregate =|0|Magnitude
DuckDB|520|PLAN|TPC-H|TPCH-Q10|TPC-H Q10 Analysis|Mis-estimate Aggregate +2x|0|Magnitude
DuckDB|521|PLAN|TPC-H|TPCH-Q10|TPC-H Q10 Analysis|Mis-estimate Aggregate +4x|0|Magnitude
DuckDB|522|PLAN|TPC-H|TPCH-Q10|TPC-H Q10 Analysis|Mis-estimate Aggregate +8x|1|Magnitude
DuckDB|523|PLAN|TPC-H|TPCH-Q10|TPC-H Q10 Analysis|Mis-estimate Aggregate >16x|0|Magnitude
DuckDB|524|PLAN|TPC-H|TPCH-Q10|TPC-H Q10 Analysis|Mis-estimate Sort <16x|0|Magnitude
DuckDB|525|PLAN|TPC-H|TPCH-Q10|TPC-H Q10 Analysis|Mis-estimate Sort -8x|0|Magnitude
DuckDB|526|PLAN|TPC-H|TPCH-Q10|TPC-H Q10 Analysis|Mis-estimate Sort -4x|0|Magnitude
DuckDB|527|PLAN|TPC-H|TPCH-Q10|TPC-H Q10 Analysis|Mis-estimate Sort -2x|0|Magnitude
DuckDB|528|PLAN|TPC-H|TPCH-Q10|TPC-H Q10 Analysis|Mis-estimate Sort =|0|Magnitude
DuckDB|529|PLAN|TPC-H|TPCH-Q10|TPC-H Q10 Analysis|Mis-estimate Sort +2x|0|Magnitude
DuckDB|530|PLAN|TPC-H|TPCH-Q10|TPC-H Q10 Analysis|Mis-estimate Sort +4x|0|Magnitude
DuckDB|531|PLAN|TPC-H|TPCH-Q10|TPC-H Q10 Analysis|Mis-estimate Sort +8x|1|Magnitude
DuckDB|532|PLAN|TPC-H|TPCH-Q10|TPC-H Q10 Analysis|Mis-estimate Sort >16x|0|Magnitude
DuckDB|533|PLAN|TPC-H|TPCH-Q10|TPC-H Q10 Analysis|Mis-estimate Scan <16x|0|Magnitude
DuckDB|534|PLAN|TPC-H|TPCH-Q10|TPC-H Q10 Analysis|Mis-estimate Scan -8x|0|Magnitude
DuckDB|535|PLAN|TPC-H|TPCH-Q10|TPC-H Q10 Analysis|Mis-estimate Scan -4x|0|Magnitude
DuckDB|536|PLAN|TPC-H|TPCH-Q10|TPC-H Q10 Analysis|Mis-estimate Scan -2x|0|Magnitude
DuckDB|537|PLAN|TPC-H|TPCH-Q10|TPC-H Q10 Analysis|Mis-estimate Scan =|3|Magnitude
DuckDB|538|PLAN|TPC-H|TPCH-Q10|TPC-H Q10 Analysis|Mis-estimate Scan +2x|0|Magnitude
DuckDB|539|PLAN|TPC-H|TPCH-Q10|TPC-H Q10 Analysis|Mis-estimate Scan +4x|1|Magnitude
DuckDB|540|PLAN|TPC-H|TPCH-Q10|TPC-H Q10 Analysis|Mis-estimate Scan +8x|1|Magnitude
DuckDB|541|PLAN|TPC-H|TPCH-Q10|TPC-H Q10 Analysis|Mis-estimate Scan >16x|0|Magnitude
DuckDB|542|PLAN|TPC-H|TPCH-Q10|TPC-H Q10 Analysis|Mis-estimate Filter <16x|0|Magnitude
DuckDB|543|PLAN|TPC-H|TPCH-Q10|TPC-H Q10 Analysis|Mis-estimate Filter -8x|0|Magnitude
DuckDB|544|PLAN|TPC-H|TPCH-Q10|TPC-H Q10 Analysis|Mis-estimate Filter -4x|0|Magnitude
DuckDB|545|PLAN|TPC-H|TPCH-Q10|TPC-H Q10 Analysis|Mis-estimate Filter -2x|0|Magnitude
DuckDB|546|PLAN|TPC-H|TPCH-Q10|TPC-H Q10 Analysis|Mis-estimate Filter =|0|Magnitude
DuckDB|547|PLAN|TPC-H|TPCH-Q10|TPC-H Q10 Analysis|Mis-estimate Filter +2x|0|Magnitude
DuckDB|548|PLAN|TPC-H|TPCH-Q10|TPC-H Q10 Analysis|Mis-estimate Filter +4x|0|Magnitude
DuckDB|549|PLAN|TPC-H|TPCH-Q10|TPC-H Q10 Analysis|Mis-estimate Filter +8x|0|Magnitude
DuckDB|550|PLAN|TPC-H|TPCH-Q10|TPC-H Q10 Analysis|Mis-estimate Filter >16x|0|Magnitude
DuckDB|551|PLAN|TPC-H|TPCH-Q10|TPC-H Q10 Analysis|Plan||Plan
DuckDB|552|PLAN|TPC-H|TPCH-Q11|TPC-H Q11 Analysis|Join|1215082|Rows
DuckDB|553|PLAN|TPC-H|TPCH-Q11|TPC-H Q11 Analysis|Aggregate|44517|Rows
DuckDB|554|PLAN|TPC-H|TPCH-Q11|TPC-H Q11 Analysis|Sort|2806|Rows
DuckDB|555|PLAN|TPC-H|TPCH-Q11|TPC-H Q11 Analysis|Scan|1194028|Rows
DuckDB|556|PLAN|TPC-H|TPCH-Q11|TPC-H Q11 Analysis|Mis-estimate Join <16x|1|Magnitude
DuckDB|557|PLAN|TPC-H|TPCH-Q11|TPC-H Q11 Analysis|Mis-estimate Join -8x|0|Magnitude
DuckDB|558|PLAN|TPC-H|TPCH-Q11|TPC-H Q11 Analysis|Mis-estimate Join -4x|0|Magnitude
DuckDB|559|PLAN|TPC-H|TPCH-Q11|TPC-H Q11 Analysis|Mis-estimate Join -2x|0|Magnitude
DuckDB|560|PLAN|TPC-H|TPCH-Q11|TPC-H Q11 Analysis|Mis-estimate Join =|4|Magnitude
DuckDB|561|PLAN|TPC-H|TPCH-Q11|TPC-H Q11 Analysis|Mis-estimate Join +2x|0|Magnitude
DuckDB|562|PLAN|TPC-H|TPCH-Q11|TPC-H Q11 Analysis|Mis-estimate Join +4x|0|Magnitude
DuckDB|563|PLAN|TPC-H|TPCH-Q11|TPC-H Q11 Analysis|Mis-estimate Join +8x|0|Magnitude
DuckDB|564|PLAN|TPC-H|TPCH-Q11|TPC-H Q11 Analysis|Mis-estimate Join >16x|0|Magnitude
DuckDB|565|PLAN|TPC-H|TPCH-Q11|TPC-H Q11 Analysis|Mis-estimate Aggregate <16x|0|Magnitude
DuckDB|566|PLAN|TPC-H|TPCH-Q11|TPC-H Q11 Analysis|Mis-estimate Aggregate -8x|0|Magnitude
DuckDB|567|PLAN|TPC-H|TPCH-Q11|TPC-H Q11 Analysis|Mis-estimate Aggregate -4x|0|Magnitude
DuckDB|568|PLAN|TPC-H|TPCH-Q11|TPC-H Q11 Analysis|Mis-estimate Aggregate -2x|0|Magnitude
DuckDB|569|PLAN|TPC-H|TPCH-Q11|TPC-H Q11 Analysis|Mis-estimate Aggregate =|2|Magnitude
DuckDB|570|PLAN|TPC-H|TPCH-Q11|TPC-H Q11 Analysis|Mis-estimate Aggregate +2x|0|Magnitude
DuckDB|571|PLAN|TPC-H|TPCH-Q11|TPC-H Q11 Analysis|Mis-estimate Aggregate +4x|0|Magnitude
DuckDB|572|PLAN|TPC-H|TPCH-Q11|TPC-H Q11 Analysis|Mis-estimate Aggregate +8x|0|Magnitude
DuckDB|573|PLAN|TPC-H|TPCH-Q11|TPC-H Q11 Analysis|Mis-estimate Aggregate >16x|1|Magnitude
DuckDB|574|PLAN|TPC-H|TPCH-Q11|TPC-H Q11 Analysis|Mis-estimate Sort <16x|1|Magnitude
DuckDB|575|PLAN|TPC-H|TPCH-Q11|TPC-H Q11 Analysis|Mis-estimate Sort -8x|0|Magnitude
DuckDB|576|PLAN|TPC-H|TPCH-Q11|TPC-H Q11 Analysis|Mis-estimate Sort -4x|0|Magnitude
DuckDB|577|PLAN|TPC-H|TPCH-Q11|TPC-H Q11 Analysis|Mis-estimate Sort -2x|0|Magnitude
DuckDB|578|PLAN|TPC-H|TPCH-Q11|TPC-H Q11 Analysis|Mis-estimate Sort =|0|Magnitude
DuckDB|579|PLAN|TPC-H|TPCH-Q11|TPC-H Q11 Analysis|Mis-estimate Sort +2x|0|Magnitude
DuckDB|580|PLAN|TPC-H|TPCH-Q11|TPC-H Q11 Analysis|Mis-estimate Sort +4x|0|Magnitude
DuckDB|581|PLAN|TPC-H|TPCH-Q11|TPC-H Q11 Analysis|Mis-estimate Sort +8x|0|Magnitude
DuckDB|582|PLAN|TPC-H|TPCH-Q11|TPC-H Q11 Analysis|Mis-estimate Sort >16x|0|Magnitude
DuckDB|583|PLAN|TPC-H|TPCH-Q11|TPC-H Q11 Analysis|Mis-estimate Scan <16x|0|Magnitude
DuckDB|584|PLAN|TPC-H|TPCH-Q11|TPC-H Q11 Analysis|Mis-estimate Scan -8x|0|Magnitude
DuckDB|585|PLAN|TPC-H|TPCH-Q11|TPC-H Q11 Analysis|Mis-estimate Scan -4x|0|Magnitude
DuckDB|586|PLAN|TPC-H|TPCH-Q11|TPC-H Q11 Analysis|Mis-estimate Scan -2x|0|Magnitude
DuckDB|587|PLAN|TPC-H|TPCH-Q11|TPC-H Q11 Analysis|Mis-estimate Scan =|6|Magnitude
DuckDB|588|PLAN|TPC-H|TPCH-Q11|TPC-H Q11 Analysis|Mis-estimate Scan +2x|0|Magnitude
DuckDB|589|PLAN|TPC-H|TPCH-Q11|TPC-H Q11 Analysis|Mis-estimate Scan +4x|0|Magnitude
DuckDB|590|PLAN|TPC-H|TPCH-Q11|TPC-H Q11 Analysis|Mis-estimate Scan +8x|0|Magnitude
DuckDB|591|PLAN|TPC-H|TPCH-Q11|TPC-H Q11 Analysis|Mis-estimate Scan >16x|3|Magnitude
DuckDB|592|PLAN|TPC-H|TPCH-Q11|TPC-H Q11 Analysis|Mis-estimate Filter <16x|0|Magnitude
DuckDB|593|PLAN|TPC-H|TPCH-Q11|TPC-H Q11 Analysis|Mis-estimate Filter -8x|0|Magnitude
DuckDB|594|PLAN|TPC-H|TPCH-Q11|TPC-H Q11 Analysis|Mis-estimate Filter -4x|0|Magnitude
DuckDB|595|PLAN|TPC-H|TPCH-Q11|TPC-H Q11 Analysis|Mis-estimate Filter -2x|0|Magnitude
DuckDB|596|PLAN|TPC-H|TPCH-Q11|TPC-H Q11 Analysis|Mis-estimate Filter =|0|Magnitude
DuckDB|597|PLAN|TPC-H|TPCH-Q11|TPC-H Q11 Analysis|Mis-estimate Filter +2x|0|Magnitude
DuckDB|598|PLAN|TPC-H|TPCH-Q11|TPC-H Q11 Analysis|Mis-estimate Filter +4x|0|Magnitude
DuckDB|599|PLAN|TPC-H|TPCH-Q11|TPC-H Q11 Analysis|Mis-estimate Filter +8x|0|Magnitude
DuckDB|600|PLAN|TPC-H|TPCH-Q11|TPC-H Q11 Analysis|Mis-estimate Filter >16x|0|Magnitude
DuckDB|601|PLAN|TPC-H|TPCH-Q11|TPC-H Q11 Analysis|Plan||Plan
DuckDB|602|PLAN|TPC-H|TPCH-Q12|TPC-H Q12 Analysis|Join|1499971|Rows
DuckDB|603|PLAN|TPC-H|TPCH-Q12|TPC-H Q12 Analysis|Aggregate|29129|Rows
DuckDB|604|PLAN|TPC-H|TPCH-Q12|TPC-H Q12 Analysis|Sort|2|Rows
DuckDB|605|PLAN|TPC-H|TPCH-Q12|TPC-H Q12 Analysis|Scan|2334081|Rows
DuckDB|606|PLAN|TPC-H|TPCH-Q12|TPC-H Q12 Analysis|Mis-estimate Join <16x|0|Magnitude
DuckDB|607|PLAN|TPC-H|TPCH-Q12|TPC-H Q12 Analysis|Mis-estimate Join -8x|0|Magnitude
DuckDB|608|PLAN|TPC-H|TPCH-Q12|TPC-H Q12 Analysis|Mis-estimate Join -4x|0|Magnitude
DuckDB|609|PLAN|TPC-H|TPCH-Q12|TPC-H Q12 Analysis|Mis-estimate Join -2x|0|Magnitude
DuckDB|610|PLAN|TPC-H|TPCH-Q12|TPC-H Q12 Analysis|Mis-estimate Join =|0|Magnitude
DuckDB|611|PLAN|TPC-H|TPCH-Q12|TPC-H Q12 Analysis|Mis-estimate Join +2x|0|Magnitude
DuckDB|612|PLAN|TPC-H|TPCH-Q12|TPC-H Q12 Analysis|Mis-estimate Join +4x|0|Magnitude
DuckDB|613|PLAN|TPC-H|TPCH-Q12|TPC-H Q12 Analysis|Mis-estimate Join +8x|1|Magnitude
DuckDB|614|PLAN|TPC-H|TPCH-Q12|TPC-H Q12 Analysis|Mis-estimate Join >16x|0|Magnitude
DuckDB|615|PLAN|TPC-H|TPCH-Q12|TPC-H Q12 Analysis|Mis-estimate Aggregate <16x|0|Magnitude
DuckDB|616|PLAN|TPC-H|TPCH-Q12|TPC-H Q12 Analysis|Mis-estimate Aggregate -8x|0|Magnitude
DuckDB|617|PLAN|TPC-H|TPCH-Q12|TPC-H Q12 Analysis|Mis-estimate Aggregate -4x|0|Magnitude
DuckDB|618|PLAN|TPC-H|TPCH-Q12|TPC-H Q12 Analysis|Mis-estimate Aggregate -2x|0|Magnitude
DuckDB|619|PLAN|TPC-H|TPCH-Q12|TPC-H Q12 Analysis|Mis-estimate Aggregate =|0|Magnitude
DuckDB|620|PLAN|TPC-H|TPCH-Q12|TPC-H Q12 Analysis|Mis-estimate Aggregate +2x|1|Magnitude
DuckDB|621|PLAN|TPC-H|TPCH-Q12|TPC-H Q12 Analysis|Mis-estimate Aggregate +4x|0|Magnitude
DuckDB|622|PLAN|TPC-H|TPCH-Q12|TPC-H Q12 Analysis|Mis-estimate Aggregate +8x|0|Magnitude
DuckDB|623|PLAN|TPC-H|TPCH-Q12|TPC-H Q12 Analysis|Mis-estimate Aggregate >16x|0|Magnitude
DuckDB|624|PLAN|TPC-H|TPCH-Q12|TPC-H Q12 Analysis|Mis-estimate Sort <16x|0|Magnitude
DuckDB|625|PLAN|TPC-H|TPCH-Q12|TPC-H Q12 Analysis|Mis-estimate Sort -8x|0|Magnitude
DuckDB|626|PLAN|TPC-H|TPCH-Q12|TPC-H Q12 Analysis|Mis-estimate Sort -4x|0|Magnitude
DuckDB|627|PLAN|TPC-H|TPCH-Q12|TPC-H Q12 Analysis|Mis-estimate Sort -2x|0|Magnitude
DuckDB|628|PLAN|TPC-H|TPCH-Q12|TPC-H Q12 Analysis|Mis-estimate Sort =|0|Magnitude
DuckDB|629|PLAN|TPC-H|TPCH-Q12|TPC-H Q12 Analysis|Mis-estimate Sort +2x|1|Magnitude
DuckDB|630|PLAN|TPC-H|TPCH-Q12|TPC-H Q12 Analysis|Mis-estimate Sort +4x|0|Magnitude
DuckDB|631|PLAN|TPC-H|TPCH-Q12|TPC-H Q12 Analysis|Mis-estimate Sort +8x|0|Magnitude
DuckDB|632|PLAN|TPC-H|TPCH-Q12|TPC-H Q12 Analysis|Mis-estimate Sort >16x|0|Magnitude
DuckDB|633|PLAN|TPC-H|TPCH-Q12|TPC-H Q12 Analysis|Mis-estimate Scan <16x|0|Magnitude
DuckDB|634|PLAN|TPC-H|TPCH-Q12|TPC-H Q12 Analysis|Mis-estimate Scan -8x|0|Magnitude
DuckDB|635|PLAN|TPC-H|TPCH-Q12|TPC-H Q12 Analysis|Mis-estimate Scan -4x|0|Magnitude
DuckDB|636|PLAN|TPC-H|TPCH-Q12|TPC-H Q12 Analysis|Mis-estimate Scan -2x|0|Magnitude
DuckDB|637|PLAN|TPC-H|TPCH-Q12|TPC-H Q12 Analysis|Mis-estimate Scan =|2|Magnitude
DuckDB|638|PLAN|TPC-H|TPCH-Q12|TPC-H Q12 Analysis|Mis-estimate Scan +2x|1|Magnitude
DuckDB|639|PLAN|TPC-H|TPCH-Q12|TPC-H Q12 Analysis|Mis-estimate Scan +4x|0|Magnitude
DuckDB|640|PLAN|TPC-H|TPCH-Q12|TPC-H Q12 Analysis|Mis-estimate Scan +8x|0|Magnitude
DuckDB|641|PLAN|TPC-H|TPCH-Q12|TPC-H Q12 Analysis|Mis-estimate Scan >16x|0|Magnitude
DuckDB|642|PLAN|TPC-H|TPCH-Q12|TPC-H Q12 Analysis|Mis-estimate Filter <16x|0|Magnitude
DuckDB|643|PLAN|TPC-H|TPCH-Q12|TPC-H Q12 Analysis|Mis-estimate Filter -8x|0|Magnitude
DuckDB|644|PLAN|TPC-H|TPCH-Q12|TPC-H Q12 Analysis|Mis-estimate Filter -4x|0|Magnitude
DuckDB|645|PLAN|TPC-H|TPCH-Q12|TPC-H Q12 Analysis|Mis-estimate Filter -2x|0|Magnitude
DuckDB|646|PLAN|TPC-H|TPCH-Q12|TPC-H Q12 Analysis|Mis-estimate Filter =|0|Magnitude
DuckDB|647|PLAN|TPC-H|TPCH-Q12|TPC-H Q12 Analysis|Mis-estimate Filter +2x|0|Magnitude
DuckDB|648|PLAN|TPC-H|TPCH-Q12|TPC-H Q12 Analysis|Mis-estimate Filter +4x|0|Magnitude
DuckDB|649|PLAN|TPC-H|TPCH-Q12|TPC-H Q12 Analysis|Mis-estimate Filter +8x|1|Magnitude
DuckDB|650|PLAN|TPC-H|TPCH-Q12|TPC-H Q12 Analysis|Mis-estimate Filter >16x|0|Magnitude
DuckDB|651|PLAN|TPC-H|TPCH-Q12|TPC-H Q12 Analysis|Plan||Plan
DuckDB|652|PLAN|TPC-H|TPCH-Q13|TPC-H Q13 Analysis|Join|1599945|Rows
DuckDB|653|PLAN|TPC-H|TPCH-Q13|TPC-H Q13 Analysis|Aggregate|1749945|Rows
DuckDB|654|PLAN|TPC-H|TPCH-Q13|TPC-H Q13 Analysis|Sort|48|Rows
DuckDB|655|PLAN|TPC-H|TPCH-Q13|TPC-H Q13 Analysis|Scan|1649945|Rows
DuckDB|656|PLAN|TPC-H|TPCH-Q13|TPC-H Q13 Analysis|Mis-estimate Join <16x|0|Magnitude
DuckDB|657|PLAN|TPC-H|TPCH-Q13|TPC-H Q13 Analysis|Mis-estimate Join -8x|0|Magnitude
DuckDB|658|PLAN|TPC-H|TPCH-Q13|TPC-H Q13 Analysis|Mis-estimate Join -4x|1|Magnitude
DuckDB|659|PLAN|TPC-H|TPCH-Q13|TPC-H Q13 Analysis|Mis-estimate Join -2x|0|Magnitude
DuckDB|660|PLAN|TPC-H|TPCH-Q13|TPC-H Q13 Analysis|Mis-estimate Join =|0|Magnitude
DuckDB|661|PLAN|TPC-H|TPCH-Q13|TPC-H Q13 Analysis|Mis-estimate Join +2x|0|Magnitude
DuckDB|662|PLAN|TPC-H|TPCH-Q13|TPC-H Q13 Analysis|Mis-estimate Join +4x|0|Magnitude
DuckDB|663|PLAN|TPC-H|TPCH-Q13|TPC-H Q13 Analysis|Mis-estimate Join +8x|0|Magnitude
DuckDB|664|PLAN|TPC-H|TPCH-Q13|TPC-H Q13 Analysis|Mis-estimate Join >16x|0|Magnitude
DuckDB|665|PLAN|TPC-H|TPCH-Q13|TPC-H Q13 Analysis|Mis-estimate Aggregate <16x|0|Magnitude
DuckDB|666|PLAN|TPC-H|TPCH-Q13|TPC-H Q13 Analysis|Mis-estimate Aggregate -8x|0|Magnitude
DuckDB|667|PLAN|TPC-H|TPCH-Q13|TPC-H Q13 Analysis|Mis-estimate Aggregate -4x|0|Magnitude
DuckDB|668|PLAN|TPC-H|TPCH-Q13|TPC-H Q13 Analysis|Mis-estimate Aggregate -2x|0|Magnitude
DuckDB|669|PLAN|TPC-H|TPCH-Q13|TPC-H Q13 Analysis|Mis-estimate Aggregate =|1|Magnitude
DuckDB|670|PLAN|TPC-H|TPCH-Q13|TPC-H Q13 Analysis|Mis-estimate Aggregate +2x|0|Magnitude
DuckDB|671|PLAN|TPC-H|TPCH-Q13|TPC-H Q13 Analysis|Mis-estimate Aggregate +4x|0|Magnitude
DuckDB|672|PLAN|TPC-H|TPCH-Q13|TPC-H Q13 Analysis|Mis-estimate Aggregate +8x|0|Magnitude
DuckDB|673|PLAN|TPC-H|TPCH-Q13|TPC-H Q13 Analysis|Mis-estimate Aggregate >16x|1|Magnitude
DuckDB|674|PLAN|TPC-H|TPCH-Q13|TPC-H Q13 Analysis|Mis-estimate Sort <16x|0|Magnitude
DuckDB|675|PLAN|TPC-H|TPCH-Q13|TPC-H Q13 Analysis|Mis-estimate Sort -8x|0|Magnitude
DuckDB|676|PLAN|TPC-H|TPCH-Q13|TPC-H Q13 Analysis|Mis-estimate Sort -4x|0|Magnitude
DuckDB|677|PLAN|TPC-H|TPCH-Q13|TPC-H Q13 Analysis|Mis-estimate Sort -2x|0|Magnitude
DuckDB|678|PLAN|TPC-H|TPCH-Q13|TPC-H Q13 Analysis|Mis-estimate Sort =|0|Magnitude
DuckDB|679|PLAN|TPC-H|TPCH-Q13|TPC-H Q13 Analysis|Mis-estimate Sort +2x|0|Magnitude
DuckDB|680|PLAN|TPC-H|TPCH-Q13|TPC-H Q13 Analysis|Mis-estimate Sort +4x|0|Magnitude
DuckDB|681|PLAN|TPC-H|TPCH-Q13|TPC-H Q13 Analysis|Mis-estimate Sort +8x|0|Magnitude
DuckDB|682|PLAN|TPC-H|TPCH-Q13|TPC-H Q13 Analysis|Mis-estimate Sort >16x|1|Magnitude
DuckDB|683|PLAN|TPC-H|TPCH-Q13|TPC-H Q13 Analysis|Mis-estimate Scan <16x|0|Magnitude
DuckDB|684|PLAN|TPC-H|TPCH-Q13|TPC-H Q13 Analysis|Mis-estimate Scan -8x|0|Magnitude
DuckDB|685|PLAN|TPC-H|TPCH-Q13|TPC-H Q13 Analysis|Mis-estimate Scan -4x|1|Magnitude
DuckDB|686|PLAN|TPC-H|TPCH-Q13|TPC-H Q13 Analysis|Mis-estimate Scan -2x|0|Magnitude
DuckDB|687|PLAN|TPC-H|TPCH-Q13|TPC-H Q13 Analysis|Mis-estimate Scan =|2|Magnitude
DuckDB|688|PLAN|TPC-H|TPCH-Q13|TPC-H Q13 Analysis|Mis-estimate Scan +2x|0|Magnitude
DuckDB|689|PLAN|TPC-H|TPCH-Q13|TPC-H Q13 Analysis|Mis-estimate Scan +4x|0|Magnitude
DuckDB|690|PLAN|TPC-H|TPCH-Q13|TPC-H Q13 Analysis|Mis-estimate Scan +8x|0|Magnitude
DuckDB|691|PLAN|TPC-H|TPCH-Q13|TPC-H Q13 Analysis|Mis-estimate Scan >16x|1|Magnitude
DuckDB|692|PLAN|TPC-H|TPCH-Q13|TPC-H Q13 Analysis|Mis-estimate Filter <16x|0|Magnitude
DuckDB|693|PLAN|TPC-H|TPCH-Q13|TPC-H Q13 Analysis|Mis-estimate Filter -8x|0|Magnitude
DuckDB|694|PLAN|TPC-H|TPCH-Q13|TPC-H Q13 Analysis|Mis-estimate Filter -4x|0|Magnitude
DuckDB|695|PLAN|TPC-H|TPCH-Q13|TPC-H Q13 Analysis|Mis-estimate Filter -2x|0|Magnitude
DuckDB|696|PLAN|TPC-H|TPCH-Q13|TPC-H Q13 Analysis|Mis-estimate Filter =|0|Magnitude
DuckDB|697|PLAN|TPC-H|TPCH-Q13|TPC-H Q13 Analysis|Mis-estimate Filter +2x|0|Magnitude
DuckDB|698|PLAN|TPC-H|TPCH-Q13|TPC-H Q13 Analysis|Mis-estimate Filter +4x|0|Magnitude
DuckDB|699|PLAN|TPC-H|TPCH-Q13|TPC-H Q13 Analysis|Mis-estimate Filter +8x|0|Magnitude
DuckDB|700|PLAN|TPC-H|TPCH-Q13|TPC-H Q13 Analysis|Mis-estimate Filter >16x|0|Magnitude
DuckDB|701|PLAN|TPC-H|TPCH-Q13|TPC-H Q13 Analysis|Plan||Plan
DuckDB|702|PLAN|TPC-H|TPCH-Q14|TPC-H Q14 Analysis|Join|68122|Rows
DuckDB|703|PLAN|TPC-H|TPCH-Q14|TPC-H Q14 Analysis|Aggregate|68122|Rows
DuckDB|704|PLAN|TPC-H|TPCH-Q14|TPC-H Q14 Analysis|Sort|0|Rows
DuckDB|705|PLAN|TPC-H|TPCH-Q14|TPC-H Q14 Analysis|Scan|268122|Rows
DuckDB|706|PLAN|TPC-H|TPCH-Q14|TPC-H Q14 Analysis|Mis-estimate Join <16x|0|Magnitude
DuckDB|707|PLAN|TPC-H|TPCH-Q14|TPC-H Q14 Analysis|Mis-estimate Join -8x|0|Magnitude
DuckDB|708|PLAN|TPC-H|TPCH-Q14|TPC-H Q14 Analysis|Mis-estimate Join -4x|0|Magnitude
DuckDB|709|PLAN|TPC-H|TPCH-Q14|TPC-H Q14 Analysis|Mis-estimate Join -2x|0|Magnitude
DuckDB|710|PLAN|TPC-H|TPCH-Q14|TPC-H Q14 Analysis|Mis-estimate Join =|0|Magnitude
DuckDB|711|PLAN|TPC-H|TPCH-Q14|TPC-H Q14 Analysis|Mis-estimate Join +2x|0|Magnitude
DuckDB|712|PLAN|TPC-H|TPCH-Q14|TPC-H Q14 Analysis|Mis-estimate Join +4x|0|Magnitude
DuckDB|713|PLAN|TPC-H|TPCH-Q14|TPC-H Q14 Analysis|Mis-estimate Join +8x|0|Magnitude
DuckDB|714|PLAN|TPC-H|TPCH-Q14|TPC-H Q14 Analysis|Mis-estimate Join >16x|1|Magnitude
DuckDB|715|PLAN|TPC-H|TPCH-Q14|TPC-H Q14 Analysis|Mis-estimate Aggregate <16x|0|Magnitude
DuckDB|716|PLAN|TPC-H|TPCH-Q14|TPC-H Q14 Analysis|Mis-estimate Aggregate -8x|0|Magnitude
DuckDB|717|PLAN|TPC-H|TPCH-Q14|TPC-H Q14 Analysis|Mis-estimate Aggregate -4x|0|Magnitude
DuckDB|718|PLAN|TPC-H|TPCH-Q14|TPC-H Q14 Analysis|Mis-estimate Aggregate -2x|0|Magnitude
DuckDB|719|PLAN|TPC-H|TPCH-Q14|TPC-H Q14 Analysis|Mis-estimate Aggregate =|0|Magnitude
DuckDB|720|PLAN|TPC-H|TPCH-Q14|TPC-H Q14 Analysis|Mis-estimate Aggregate +2x|0|Magnitude
DuckDB|721|PLAN|TPC-H|TPCH-Q14|TPC-H Q14 Analysis|Mis-estimate Aggregate +4x|0|Magnitude
DuckDB|722|PLAN|TPC-H|TPCH-Q14|TPC-H Q14 Analysis|Mis-estimate Aggregate +8x|0|Magnitude
DuckDB|723|PLAN|TPC-H|TPCH-Q14|TPC-H Q14 Analysis|Mis-estimate Aggregate >16x|1|Magnitude
DuckDB|724|PLAN|TPC-H|TPCH-Q14|TPC-H Q14 Analysis|Mis-estimate Sort <16x|0|Magnitude
DuckDB|725|PLAN|TPC-H|TPCH-Q14|TPC-H Q14 Analysis|Mis-estimate Sort -8x|0|Magnitude
DuckDB|726|PLAN|TPC-H|TPCH-Q14|TPC-H Q14 Analysis|Mis-estimate Sort -4x|0|Magnitude
DuckDB|727|PLAN|TPC-H|TPCH-Q14|TPC-H Q14 Analysis|Mis-estimate Sort -2x|0|Magnitude
DuckDB|728|PLAN|TPC-H|TPCH-Q14|TPC-H Q14 Analysis|Mis-estimate Sort =|0|Magnitude
DuckDB|729|PLAN|TPC-H|TPCH-Q14|TPC-H Q14 Analysis|Mis-estimate Sort +2x|0|Magnitude
DuckDB|730|PLAN|TPC-H|TPCH-Q14|TPC-H Q14 Analysis|Mis-estimate Sort +4x|0|Magnitude
DuckDB|731|PLAN|TPC-H|TPCH-Q14|TPC-H Q14 Analysis|Mis-estimate Sort +8x|0|Magnitude
DuckDB|732|PLAN|TPC-H|TPCH-Q14|TPC-H Q14 Analysis|Mis-estimate Sort >16x|0|Magnitude
DuckDB|733|PLAN|TPC-H|TPCH-Q14|TPC-H Q14 Analysis|Mis-estimate Scan <16x|0|Magnitude
DuckDB|734|PLAN|TPC-H|TPCH-Q14|TPC-H Q14 Analysis|Mis-estimate Scan -8x|0|Magnitude
DuckDB|735|PLAN|TPC-H|TPCH-Q14|TPC-H Q14 Analysis|Mis-estimate Scan -4x|0|Magnitude
DuckDB|736|PLAN|TPC-H|TPCH-Q14|TPC-H Q14 Analysis|Mis-estimate Scan -2x|0|Magnitude
DuckDB|737|PLAN|TPC-H|TPCH-Q14|TPC-H Q14 Analysis|Mis-estimate Scan =|1|Magnitude
DuckDB|738|PLAN|TPC-H|TPCH-Q14|TPC-H Q14 Analysis|Mis-estimate Scan +2x|0|Magnitude
DuckDB|739|PLAN|TPC-H|TPCH-Q14|TPC-H Q14 Analysis|Mis-estimate Scan +4x|0|Magnitude
DuckDB|740|PLAN|TPC-H|TPCH-Q14|TPC-H Q14 Analysis|Mis-estimate Scan +8x|0|Magnitude
DuckDB|741|PLAN|TPC-H|TPCH-Q14|TPC-H Q14 Analysis|Mis-estimate Scan >16x|2|Magnitude
DuckDB|742|PLAN|TPC-H|TPCH-Q14|TPC-H Q14 Analysis|Mis-estimate Filter <16x|0|Magnitude
DuckDB|743|PLAN|TPC-H|TPCH-Q14|TPC-H Q14 Analysis|Mis-estimate Filter -8x|0|Magnitude
DuckDB|744|PLAN|TPC-H|TPCH-Q14|TPC-H Q14 Analysis|Mis-estimate Filter -4x|0|Magnitude
DuckDB|745|PLAN|TPC-H|TPCH-Q14|TPC-H Q14 Analysis|Mis-estimate Filter -2x|0|Magnitude
DuckDB|746|PLAN|TPC-H|TPCH-Q14|TPC-H Q14 Analysis|Mis-estimate Filter =|0|Magnitude
DuckDB|747|PLAN|TPC-H|TPCH-Q14|TPC-H Q14 Analysis|Mis-estimate Filter +2x|0|Magnitude
DuckDB|748|PLAN|TPC-H|TPCH-Q14|TPC-H Q14 Analysis|Mis-estimate Filter +4x|0|Magnitude
DuckDB|749|PLAN|TPC-H|TPCH-Q14|TPC-H Q14 Analysis|Mis-estimate Filter +8x|0|Magnitude
DuckDB|750|PLAN|TPC-H|TPCH-Q14|TPC-H Q14 Analysis|Mis-estimate Filter >16x|0|Magnitude
DuckDB|751|PLAN|TPC-H|TPCH-Q14|TPC-H Q14 Analysis|Plan||Plan
DuckDB|752|PLAN|TPC-H|TPCH-Q15|TPC-H Q15 Analysis|Join|68122|Rows
DuckDB|753|PLAN|TPC-H|TPCH-Q15|TPC-H Q15 Analysis|Aggregate|68122|Rows
DuckDB|754|PLAN|TPC-H|TPCH-Q15|TPC-H Q15 Analysis|Sort|0|Rows
DuckDB|755|PLAN|TPC-H|TPCH-Q15|TPC-H Q15 Analysis|Scan|268122|Rows
DuckDB|756|PLAN|TPC-H|TPCH-Q15|TPC-H Q15 Analysis|Mis-estimate Join <16x|0|Magnitude
DuckDB|757|PLAN|TPC-H|TPCH-Q15|TPC-H Q15 Analysis|Mis-estimate Join -8x|0|Magnitude
DuckDB|758|PLAN|TPC-H|TPCH-Q15|TPC-H Q15 Analysis|Mis-estimate Join -4x|0|Magnitude
DuckDB|759|PLAN|TPC-H|TPCH-Q15|TPC-H Q15 Analysis|Mis-estimate Join -2x|0|Magnitude
DuckDB|760|PLAN|TPC-H|TPCH-Q15|TPC-H Q15 Analysis|Mis-estimate Join =|0|Magnitude
DuckDB|761|PLAN|TPC-H|TPCH-Q15|TPC-H Q15 Analysis|Mis-estimate Join +2x|0|Magnitude
DuckDB|762|PLAN|TPC-H|TPCH-Q15|TPC-H Q15 Analysis|Mis-estimate Join +4x|0|Magnitude
DuckDB|763|PLAN|TPC-H|TPCH-Q15|TPC-H Q15 Analysis|Mis-estimate Join +8x|0|Magnitude
DuckDB|764|PLAN|TPC-H|TPCH-Q15|TPC-H Q15 Analysis|Mis-estimate Join >16x|1|Magnitude
DuckDB|765|PLAN|TPC-H|TPCH-Q15|TPC-H Q15 Analysis|Mis-estimate Aggregate <16x|0|Magnitude
DuckDB|766|PLAN|TPC-H|TPCH-Q15|TPC-H Q15 Analysis|Mis-estimate Aggregate -8x|0|Magnitude
DuckDB|767|PLAN|TPC-H|TPCH-Q15|TPC-H Q15 Analysis|Mis-estimate Aggregate -4x|0|Magnitude
DuckDB|768|PLAN|TPC-H|TPCH-Q15|TPC-H Q15 Analysis|Mis-estimate Aggregate -2x|0|Magnitude
DuckDB|769|PLAN|TPC-H|TPCH-Q15|TPC-H Q15 Analysis|Mis-estimate Aggregate =|0|Magnitude
DuckDB|770|PLAN|TPC-H|TPCH-Q15|TPC-H Q15 Analysis|Mis-estimate Aggregate +2x|0|Magnitude
DuckDB|771|PLAN|TPC-H|TPCH-Q15|TPC-H Q15 Analysis|Mis-estimate Aggregate +4x|0|Magnitude
DuckDB|772|PLAN|TPC-H|TPCH-Q15|TPC-H Q15 Analysis|Mis-estimate Aggregate +8x|0|Magnitude
DuckDB|773|PLAN|TPC-H|TPCH-Q15|TPC-H Q15 Analysis|Mis-estimate Aggregate >16x|1|Magnitude
DuckDB|774|PLAN|TPC-H|TPCH-Q15|TPC-H Q15 Analysis|Mis-estimate Sort <16x|0|Magnitude
DuckDB|775|PLAN|TPC-H|TPCH-Q15|TPC-H Q15 Analysis|Mis-estimate Sort -8x|0|Magnitude
DuckDB|776|PLAN|TPC-H|TPCH-Q15|TPC-H Q15 Analysis|Mis-estimate Sort -4x|0|Magnitude
DuckDB|777|PLAN|TPC-H|TPCH-Q15|TPC-H Q15 Analysis|Mis-estimate Sort -2x|0|Magnitude
DuckDB|778|PLAN|TPC-H|TPCH-Q15|TPC-H Q15 Analysis|Mis-estimate Sort =|0|Magnitude
DuckDB|779|PLAN|TPC-H|TPCH-Q15|TPC-H Q15 Analysis|Mis-estimate Sort +2x|0|Magnitude
DuckDB|780|PLAN|TPC-H|TPCH-Q15|TPC-H Q15 Analysis|Mis-estimate Sort +4x|0|Magnitude
DuckDB|781|PLAN|TPC-H|TPCH-Q15|TPC-H Q15 Analysis|Mis-estimate Sort +8x|0|Magnitude
DuckDB|782|PLAN|TPC-H|TPCH-Q15|TPC-H Q15 Analysis|Mis-estimate Sort >16x|0|Magnitude
DuckDB|783|PLAN|TPC-H|TPCH-Q15|TPC-H Q15 Analysis|Mis-estimate Scan <16x|0|Magnitude
DuckDB|784|PLAN|TPC-H|TPCH-Q15|TPC-H Q15 Analysis|Mis-estimate Scan -8x|0|Magnitude
DuckDB|785|PLAN|TPC-H|TPCH-Q15|TPC-H Q15 Analysis|Mis-estimate Scan -4x|0|Magnitude
DuckDB|786|PLAN|TPC-H|TPCH-Q15|TPC-H Q15 Analysis|Mis-estimate Scan -2x|0|Magnitude
DuckDB|787|PLAN|TPC-H|TPCH-Q15|TPC-H Q15 Analysis|Mis-estimate Scan =|1|Magnitude
DuckDB|788|PLAN|TPC-H|TPCH-Q15|TPC-H Q15 Analysis|Mis-estimate Scan +2x|0|Magnitude
DuckDB|789|PLAN|TPC-H|TPCH-Q15|TPC-H Q15 Analysis|Mis-estimate Scan +4x|0|Magnitude
DuckDB|790|PLAN|TPC-H|TPCH-Q15|TPC-H Q15 Analysis|Mis-estimate Scan +8x|0|Magnitude
DuckDB|791|PLAN|TPC-H|TPCH-Q15|TPC-H Q15 Analysis|Mis-estimate Scan >16x|2|Magnitude
DuckDB|792|PLAN|TPC-H|TPCH-Q15|TPC-H Q15 Analysis|Mis-estimate Filter <16x|0|Magnitude
DuckDB|793|PLAN|TPC-H|TPCH-Q15|TPC-H Q15 Analysis|Mis-estimate Filter -8x|0|Magnitude
DuckDB|794|PLAN|TPC-H|TPCH-Q15|TPC-H Q15 Analysis|Mis-estimate Filter -4x|0|Magnitude
DuckDB|795|PLAN|TPC-H|TPCH-Q15|TPC-H Q15 Analysis|Mis-estimate Filter -2x|0|Magnitude
DuckDB|796|PLAN|TPC-H|TPCH-Q15|TPC-H Q15 Analysis|Mis-estimate Filter =|0|Magnitude
DuckDB|797|PLAN|TPC-H|TPCH-Q15|TPC-H Q15 Analysis|Mis-estimate Filter +2x|0|Magnitude
DuckDB|798|PLAN|TPC-H|TPCH-Q15|TPC-H Q15 Analysis|Mis-estimate Filter +4x|0|Magnitude
DuckDB|799|PLAN|TPC-H|TPCH-Q15|TPC-H Q15 Analysis|Mis-estimate Filter +8x|0|Magnitude
DuckDB|800|PLAN|TPC-H|TPCH-Q15|TPC-H Q15 Analysis|Mis-estimate Filter >16x|0|Magnitude
DuckDB|801|PLAN|TPC-H|TPCH-Q15|TPC-H Q15 Analysis|Plan||Plan
DuckDB|802|PLAN|TPC-H|TPCH-Q16|TPC-H Q16 Analysis|Join|874962|Rows
DuckDB|803|PLAN|TPC-H|TPCH-Q16|TPC-H Q16 Analysis|Aggregate|61214|Rows
DuckDB|804|PLAN|TPC-H|TPCH-Q16|TPC-H Q16 Analysis|Sort|15163|Rows
DuckDB|805|PLAN|TPC-H|TPCH-Q16|TPC-H Q16 Analysis|Scan|788721|Rows
DuckDB|806|PLAN|TPC-H|TPCH-Q16|TPC-H Q16 Analysis|Mis-estimate Join <16x|0|Magnitude
DuckDB|807|PLAN|TPC-H|TPCH-Q16|TPC-H Q16 Analysis|Mis-estimate Join -8x|0|Magnitude
DuckDB|808|PLAN|TPC-H|TPCH-Q16|TPC-H Q16 Analysis|Mis-estimate Join -4x|1|Magnitude
DuckDB|809|PLAN|TPC-H|TPCH-Q16|TPC-H Q16 Analysis|Mis-estimate Join -2x|2|Magnitude
DuckDB|810|PLAN|TPC-H|TPCH-Q16|TPC-H Q16 Analysis|Mis-estimate Join =|0|Magnitude
DuckDB|811|PLAN|TPC-H|TPCH-Q16|TPC-H Q16 Analysis|Mis-estimate Join +2x|0|Magnitude
DuckDB|812|PLAN|TPC-H|TPCH-Q16|TPC-H Q16 Analysis|Mis-estimate Join +4x|0|Magnitude
DuckDB|813|PLAN|TPC-H|TPCH-Q16|TPC-H Q16 Analysis|Mis-estimate Join +8x|0|Magnitude
DuckDB|814|PLAN|TPC-H|TPCH-Q16|TPC-H Q16 Analysis|Mis-estimate Join >16x|0|Magnitude
DuckDB|815|PLAN|TPC-H|TPCH-Q16|TPC-H Q16 Analysis|Mis-estimate Aggregate <16x|0|Magnitude
DuckDB|816|PLAN|TPC-H|TPCH-Q16|TPC-H Q16 Analysis|Mis-estimate Aggregate -8x|0|Magnitude
DuckDB|817|PLAN|TPC-H|TPCH-Q16|TPC-H Q16 Analysis|Mis-estimate Aggregate -4x|0|Magnitude
DuckDB|818|PLAN|TPC-H|TPCH-Q16|TPC-H Q16 Analysis|Mis-estimate Aggregate -2x|1|Magnitude
DuckDB|819|PLAN|TPC-H|TPCH-Q16|TPC-H Q16 Analysis|Mis-estimate Aggregate =|0|Magnitude
DuckDB|820|PLAN|TPC-H|TPCH-Q16|TPC-H Q16 Analysis|Mis-estimate Aggregate +2x|0|Magnitude
DuckDB|821|PLAN|TPC-H|TPCH-Q16|TPC-H Q16 Analysis|Mis-estimate Aggregate +4x|0|Magnitude
DuckDB|822|PLAN|TPC-H|TPCH-Q16|TPC-H Q16 Analysis|Mis-estimate Aggregate +8x|0|Magnitude
DuckDB|823|PLAN|TPC-H|TPCH-Q16|TPC-H Q16 Analysis|Mis-estimate Aggregate >16x|0|Magnitude
DuckDB|824|PLAN|TPC-H|TPCH-Q16|TPC-H Q16 Analysis|Mis-estimate Sort <16x|0|Magnitude
DuckDB|825|PLAN|TPC-H|TPCH-Q16|TPC-H Q16 Analysis|Mis-estimate Sort -8x|0|Magnitude
DuckDB|826|PLAN|TPC-H|TPCH-Q16|TPC-H Q16 Analysis|Mis-estimate Sort -4x|0|Magnitude
DuckDB|827|PLAN|TPC-H|TPCH-Q16|TPC-H Q16 Analysis|Mis-estimate Sort -2x|1|Magnitude
DuckDB|828|PLAN|TPC-H|TPCH-Q16|TPC-H Q16 Analysis|Mis-estimate Sort =|0|Magnitude
DuckDB|829|PLAN|TPC-H|TPCH-Q16|TPC-H Q16 Analysis|Mis-estimate Sort +2x|0|Magnitude
DuckDB|830|PLAN|TPC-H|TPCH-Q16|TPC-H Q16 Analysis|Mis-estimate Sort +4x|0|Magnitude
DuckDB|831|PLAN|TPC-H|TPCH-Q16|TPC-H Q16 Analysis|Mis-estimate Sort +8x|0|Magnitude
DuckDB|832|PLAN|TPC-H|TPCH-Q16|TPC-H Q16 Analysis|Mis-estimate Sort >16x|0|Magnitude
DuckDB|833|PLAN|TPC-H|TPCH-Q16|TPC-H Q16 Analysis|Mis-estimate Scan <16x|0|Magnitude
DuckDB|834|PLAN|TPC-H|TPCH-Q16|TPC-H Q16 Analysis|Mis-estimate Scan -8x|0|Magnitude
DuckDB|835|PLAN|TPC-H|TPCH-Q16|TPC-H Q16 Analysis|Mis-estimate Scan -4x|1|Magnitude
DuckDB|836|PLAN|TPC-H|TPCH-Q16|TPC-H Q16 Analysis|Mis-estimate Scan -2x|1|Magnitude
DuckDB|837|PLAN|TPC-H|TPCH-Q16|TPC-H Q16 Analysis|Mis-estimate Scan =|2|Magnitude
DuckDB|838|PLAN|TPC-H|TPCH-Q16|TPC-H Q16 Analysis|Mis-estimate Scan +2x|0|Magnitude
DuckDB|839|PLAN|TPC-H|TPCH-Q16|TPC-H Q16 Analysis|Mis-estimate Scan +4x|0|Magnitude
DuckDB|840|PLAN|TPC-H|TPCH-Q16|TPC-H Q16 Analysis|Mis-estimate Scan +8x|0|Magnitude
DuckDB|841|PLAN|TPC-H|TPCH-Q16|TPC-H Q16 Analysis|Mis-estimate Scan >16x|0|Magnitude
DuckDB|842|PLAN|TPC-H|TPCH-Q16|TPC-H Q16 Analysis|Mis-estimate Filter <16x|0|Magnitude
DuckDB|843|PLAN|TPC-H|TPCH-Q16|TPC-H Q16 Analysis|Mis-estimate Filter -8x|1|Magnitude
DuckDB|844|PLAN|TPC-H|TPCH-Q16|TPC-H Q16 Analysis|Mis-estimate Filter -4x|0|Magnitude
DuckDB|845|PLAN|TPC-H|TPCH-Q16|TPC-H Q16 Analysis|Mis-estimate Filter -2x|2|Magnitude
DuckDB|846|PLAN|TPC-H|TPCH-Q16|TPC-H Q16 Analysis|Mis-estimate Filter =|0|Magnitude
DuckDB|847|PLAN|TPC-H|TPCH-Q16|TPC-H Q16 Analysis|Mis-estimate Filter +2x|0|Magnitude
DuckDB|848|PLAN|TPC-H|TPCH-Q16|TPC-H Q16 Analysis|Mis-estimate Filter +4x|0|Magnitude
DuckDB|849|PLAN|TPC-H|TPCH-Q16|TPC-H Q16 Analysis|Mis-estimate Filter +8x|0|Magnitude
DuckDB|850|PLAN|TPC-H|TPCH-Q16|TPC-H Q16 Analysis|Mis-estimate Filter >16x|0|Magnitude
DuckDB|851|PLAN|TPC-H|TPCH-Q16|TPC-H Q16 Analysis|Plan||Plan
DuckDB|852|PLAN|TPC-H|TPCH-Q17|TPC-H Q17 Analysis|Join|11853388|Rows
DuckDB|853|PLAN|TPC-H|TPCH-Q17|TPC-H Q17 Analysis|Aggregate|6544|Rows
DuckDB|854|PLAN|TPC-H|TPCH-Q17|TPC-H Q17 Analysis|Sort|0|Rows
DuckDB|855|PLAN|TPC-H|TPCH-Q17|TPC-H Q17 Analysis|Scan|11841430|Rows
DuckDB|856|PLAN|TPC-H|TPCH-Q17|TPC-H Q17 Analysis|Mis-estimate Join <16x|1|Magnitude
DuckDB|857|PLAN|TPC-H|TPCH-Q17|TPC-H Q17 Analysis|Mis-estimate Join -8x|0|Magnitude
DuckDB|858|PLAN|TPC-H|TPCH-Q17|TPC-H Q17 Analysis|Mis-estimate Join -4x|0|Magnitude
DuckDB|859|PLAN|TPC-H|TPCH-Q17|TPC-H Q17 Analysis|Mis-estimate Join -2x|0|Magnitude
DuckDB|860|PLAN|TPC-H|TPCH-Q17|TPC-H Q17 Analysis|Mis-estimate Join =|1|Magnitude
DuckDB|861|PLAN|TPC-H|TPCH-Q17|TPC-H Q17 Analysis|Mis-estimate Join +2x|0|Magnitude
DuckDB|862|PLAN|TPC-H|TPCH-Q17|TPC-H Q17 Analysis|Mis-estimate Join +4x|0|Magnitude
DuckDB|863|PLAN|TPC-H|TPCH-Q17|TPC-H Q17 Analysis|Mis-estimate Join +8x|0|Magnitude
DuckDB|864|PLAN|TPC-H|TPCH-Q17|TPC-H Q17 Analysis|Mis-estimate Join >16x|2|Magnitude
DuckDB|865|PLAN|TPC-H|TPCH-Q17|TPC-H Q17 Analysis|Mis-estimate Aggregate <16x|0|Magnitude
DuckDB|866|PLAN|TPC-H|TPCH-Q17|TPC-H Q17 Analysis|Mis-estimate Aggregate -8x|0|Magnitude
DuckDB|867|PLAN|TPC-H|TPCH-Q17|TPC-H Q17 Analysis|Mis-estimate Aggregate -4x|0|Magnitude
DuckDB|868|PLAN|TPC-H|TPCH-Q17|TPC-H Q17 Analysis|Mis-estimate Aggregate -2x|0|Magnitude
DuckDB|869|PLAN|TPC-H|TPCH-Q17|TPC-H Q17 Analysis|Mis-estimate Aggregate =|0|Magnitude
DuckDB|870|PLAN|TPC-H|TPCH-Q17|TPC-H Q17 Analysis|Mis-estimate Aggregate +2x|0|Magnitude
DuckDB|871|PLAN|TPC-H|TPCH-Q17|TPC-H Q17 Analysis|Mis-estimate Aggregate +4x|0|Magnitude
DuckDB|872|PLAN|TPC-H|TPCH-Q17|TPC-H Q17 Analysis|Mis-estimate Aggregate +8x|0|Magnitude
DuckDB|873|PLAN|TPC-H|TPCH-Q17|TPC-H Q17 Analysis|Mis-estimate Aggregate >16x|3|Magnitude
DuckDB|874|PLAN|TPC-H|TPCH-Q17|TPC-H Q17 Analysis|Mis-estimate Sort <16x|0|Magnitude
DuckDB|875|PLAN|TPC-H|TPCH-Q17|TPC-H Q17 Analysis|Mis-estimate Sort -8x|0|Magnitude
DuckDB|876|PLAN|TPC-H|TPCH-Q17|TPC-H Q17 Analysis|Mis-estimate Sort -4x|0|Magnitude
DuckDB|877|PLAN|TPC-H|TPCH-Q17|TPC-H Q17 Analysis|Mis-estimate Sort -2x|0|Magnitude
DuckDB|878|PLAN|TPC-H|TPCH-Q17|TPC-H Q17 Analysis|Mis-estimate Sort =|0|Magnitude
DuckDB|879|PLAN|TPC-H|TPCH-Q17|TPC-H Q17 Analysis|Mis-estimate Sort +2x|0|Magnitude
DuckDB|880|PLAN|TPC-H|TPCH-Q17|TPC-H Q17 Analysis|Mis-estimate Sort +4x|0|Magnitude
DuckDB|881|PLAN|TPC-H|TPCH-Q17|TPC-H Q17 Analysis|Mis-estimate Sort +8x|0|Magnitude
DuckDB|882|PLAN|TPC-H|TPCH-Q17|TPC-H Q17 Analysis|Mis-estimate Sort >16x|0|Magnitude
DuckDB|883|PLAN|TPC-H|TPCH-Q17|TPC-H Q17 Analysis|Mis-estimate Scan <16x|0|Magnitude
DuckDB|884|PLAN|TPC-H|TPCH-Q17|TPC-H Q17 Analysis|Mis-estimate Scan -8x|0|Magnitude
DuckDB|885|PLAN|TPC-H|TPCH-Q17|TPC-H Q17 Analysis|Mis-estimate Scan -4x|0|Magnitude
DuckDB|886|PLAN|TPC-H|TPCH-Q17|TPC-H Q17 Analysis|Mis-estimate Scan -2x|0|Magnitude
DuckDB|887|PLAN|TPC-H|TPCH-Q17|TPC-H Q17 Analysis|Mis-estimate Scan =|2|Magnitude
DuckDB|888|PLAN|TPC-H|TPCH-Q17|TPC-H Q17 Analysis|Mis-estimate Scan +2x|0|Magnitude
DuckDB|889|PLAN|TPC-H|TPCH-Q17|TPC-H Q17 Analysis|Mis-estimate Scan +4x|0|Magnitude
DuckDB|890|PLAN|TPC-H|TPCH-Q17|TPC-H Q17 Analysis|Mis-estimate Scan +8x|0|Magnitude
DuckDB|891|PLAN|TPC-H|TPCH-Q17|TPC-H Q17 Analysis|Mis-estimate Scan >16x|4|Magnitude
DuckDB|892|PLAN|TPC-H|TPCH-Q17|TPC-H Q17 Analysis|Mis-estimate Filter <16x|0|Magnitude
DuckDB|893|PLAN|TPC-H|TPCH-Q17|TPC-H Q17 Analysis|Mis-estimate Filter -8x|0|Magnitude
DuckDB|894|PLAN|TPC-H|TPCH-Q17|TPC-H Q17 Analysis|Mis-estimate Filter -4x|0|Magnitude
DuckDB|895|PLAN|TPC-H|TPCH-Q17|TPC-H Q17 Analysis|Mis-estimate Filter -2x|0|Magnitude
DuckDB|896|PLAN|TPC-H|TPCH-Q17|TPC-H Q17 Analysis|Mis-estimate Filter =|0|Magnitude
DuckDB|897|PLAN|TPC-H|TPCH-Q17|TPC-H Q17 Analysis|Mis-estimate Filter +2x|0|Magnitude
DuckDB|898|PLAN|TPC-H|TPCH-Q17|TPC-H Q17 Analysis|Mis-estimate Filter +4x|0|Magnitude
DuckDB|899|PLAN|TPC-H|TPCH-Q17|TPC-H Q17 Analysis|Mis-estimate Filter +8x|0|Magnitude
DuckDB|900|PLAN|TPC-H|TPCH-Q17|TPC-H Q17 Analysis|Mis-estimate Filter >16x|1|Magnitude
DuckDB|901|PLAN|TPC-H|TPCH-Q17|TPC-H Q17 Analysis|Plan||Plan
DuckDB|902|PLAN|TPC-H|TPCH-Q18|TPC-H Q18 Analysis|Join|561666|Rows
DuckDB|903|PLAN|TPC-H|TPCH-Q18|TPC-H Q18 Analysis|Aggregate|5998855|Rows
DuckDB|904|PLAN|TPC-H|TPCH-Q18|TPC-H Q18 Analysis|Sort|5|Rows
DuckDB|905|PLAN|TPC-H|TPCH-Q18|TPC-H Q18 Analysis|Scan|6710479|Rows
DuckDB|906|PLAN|TPC-H|TPCH-Q18|TPC-H Q18 Analysis|Mis-estimate Join <16x|0|Magnitude
DuckDB|907|PLAN|TPC-H|TPCH-Q18|TPC-H Q18 Analysis|Mis-estimate Join -8x|0|Magnitude
DuckDB|908|PLAN|TPC-H|TPCH-Q18|TPC-H Q18 Analysis|Mis-estimate Join -4x|0|Magnitude
DuckDB|909|PLAN|TPC-H|TPCH-Q18|TPC-H Q18 Analysis|Mis-estimate Join -2x|0|Magnitude
DuckDB|910|PLAN|TPC-H|TPCH-Q18|TPC-H Q18 Analysis|Mis-estimate Join =|0|Magnitude
DuckDB|911|PLAN|TPC-H|TPCH-Q18|TPC-H Q18 Analysis|Mis-estimate Join +2x|0|Magnitude
DuckDB|912|PLAN|TPC-H|TPCH-Q18|TPC-H Q18 Analysis|Mis-estimate Join +4x|0|Magnitude
DuckDB|913|PLAN|TPC-H|TPCH-Q18|TPC-H Q18 Analysis|Mis-estimate Join +8x|0|Magnitude
DuckDB|914|PLAN|TPC-H|TPCH-Q18|TPC-H Q18 Analysis|Mis-estimate Join >16x|3|Magnitude
DuckDB|915|PLAN|TPC-H|TPCH-Q18|TPC-H Q18 Analysis|Mis-estimate Aggregate <16x|0|Magnitude
DuckDB|916|PLAN|TPC-H|TPCH-Q18|TPC-H Q18 Analysis|Mis-estimate Aggregate -8x|0|Magnitude
DuckDB|917|PLAN|TPC-H|TPCH-Q18|TPC-H Q18 Analysis|Mis-estimate Aggregate -4x|0|Magnitude
DuckDB|918|PLAN|TPC-H|TPCH-Q18|TPC-H Q18 Analysis|Mis-estimate Aggregate -2x|1|Magnitude
DuckDB|919|PLAN|TPC-H|TPCH-Q18|TPC-H Q18 Analysis|Mis-estimate Aggregate =|0|Magnitude
DuckDB|920|PLAN|TPC-H|TPCH-Q18|TPC-H Q18 Analysis|Mis-estimate Aggregate +2x|0|Magnitude
DuckDB|921|PLAN|TPC-H|TPCH-Q18|TPC-H Q18 Analysis|Mis-estimate Aggregate +4x|0|Magnitude
DuckDB|922|PLAN|TPC-H|TPCH-Q18|TPC-H Q18 Analysis|Mis-estimate Aggregate +8x|0|Magnitude
DuckDB|923|PLAN|TPC-H|TPCH-Q18|TPC-H Q18 Analysis|Mis-estimate Aggregate >16x|1|Magnitude
DuckDB|924|PLAN|TPC-H|TPCH-Q18|TPC-H Q18 Analysis|Mis-estimate Sort <16x|0|Magnitude
DuckDB|925|PLAN|TPC-H|TPCH-Q18|TPC-H Q18 Analysis|Mis-estimate Sort -8x|0|Magnitude
DuckDB|926|PLAN|TPC-H|TPCH-Q18|TPC-H Q18 Analysis|Mis-estimate Sort -4x|0|Magnitude
DuckDB|927|PLAN|TPC-H|TPCH-Q18|TPC-H Q18 Analysis|Mis-estimate Sort -2x|0|Magnitude
DuckDB|928|PLAN|TPC-H|TPCH-Q18|TPC-H Q18 Analysis|Mis-estimate Sort =|0|Magnitude
DuckDB|929|PLAN|TPC-H|TPCH-Q18|TPC-H Q18 Analysis|Mis-estimate Sort +2x|0|Magnitude
DuckDB|930|PLAN|TPC-H|TPCH-Q18|TPC-H Q18 Analysis|Mis-estimate Sort +4x|0|Magnitude
DuckDB|931|PLAN|TPC-H|TPCH-Q18|TPC-H Q18 Analysis|Mis-estimate Sort +8x|0|Magnitude
DuckDB|932|PLAN|TPC-H|TPCH-Q18|TPC-H Q18 Analysis|Mis-estimate Sort >16x|1|Magnitude
DuckDB|933|PLAN|TPC-H|TPCH-Q18|TPC-H Q18 Analysis|Mis-estimate Scan <16x|0|Magnitude
DuckDB|934|PLAN|TPC-H|TPCH-Q18|TPC-H Q18 Analysis|Mis-estimate Scan -8x|0|Magnitude
DuckDB|935|PLAN|TPC-H|TPCH-Q18|TPC-H Q18 Analysis|Mis-estimate Scan -4x|0|Magnitude
DuckDB|936|PLAN|TPC-H|TPCH-Q18|TPC-H Q18 Analysis|Mis-estimate Scan -2x|1|Magnitude
DuckDB|937|PLAN|TPC-H|TPCH-Q18|TPC-H Q18 Analysis|Mis-estimate Scan =|2|Magnitude
DuckDB|938|PLAN|TPC-H|TPCH-Q18|TPC-H Q18 Analysis|Mis-estimate Scan +2x|0|Magnitude
DuckDB|939|PLAN|TPC-H|TPCH-Q18|TPC-H Q18 Analysis|Mis-estimate Scan +4x|0|Magnitude
DuckDB|940|PLAN|TPC-H|TPCH-Q18|TPC-H Q18 Analysis|Mis-estimate Scan +8x|2|Magnitude
DuckDB|941|PLAN|TPC-H|TPCH-Q18|TPC-H Q18 Analysis|Mis-estimate Scan >16x|1|Magnitude
DuckDB|942|PLAN|TPC-H|TPCH-Q18|TPC-H Q18 Analysis|Mis-estimate Filter <16x|0|Magnitude
DuckDB|943|PLAN|TPC-H|TPCH-Q18|TPC-H Q18 Analysis|Mis-estimate Filter -8x|0|Magnitude
DuckDB|944|PLAN|TPC-H|TPCH-Q18|TPC-H Q18 Analysis|Mis-estimate Filter -4x|0|Magnitude
DuckDB|945|PLAN|TPC-H|TPCH-Q18|TPC-H Q18 Analysis|Mis-estimate Filter -2x|0|Magnitude
DuckDB|946|PLAN|TPC-H|TPCH-Q18|TPC-H Q18 Analysis|Mis-estimate Filter =|0|Magnitude
DuckDB|947|PLAN|TPC-H|TPCH-Q18|TPC-H Q18 Analysis|Mis-estimate Filter +2x|0|Magnitude
DuckDB|948|PLAN|TPC-H|TPCH-Q18|TPC-H Q18 Analysis|Mis-estimate Filter +4x|0|Magnitude
DuckDB|949|PLAN|TPC-H|TPCH-Q18|TPC-H Q18 Analysis|Mis-estimate Filter +8x|0|Magnitude
DuckDB|950|PLAN|TPC-H|TPCH-Q18|TPC-H Q18 Analysis|Mis-estimate Filter >16x|1|Magnitude
DuckDB|951|PLAN|TPC-H|TPCH-Q18|TPC-H Q18 Analysis|Plan||Plan
DuckDB|952|PLAN|TPC-H|TPCH-Q19|TPC-H Q19 Analysis|Join|214265|Rows
DuckDB|953|PLAN|TPC-H|TPCH-Q19|TPC-H Q19 Analysis|Aggregate|97|Rows
DuckDB|954|PLAN|TPC-H|TPCH-Q19|TPC-H Q19 Analysis|Sort|0|Rows
DuckDB|955|PLAN|TPC-H|TPCH-Q19|TPC-H Q19 Analysis|Scan|1699869|Rows
DuckDB|956|PLAN|TPC-H|TPCH-Q19|TPC-H Q19 Analysis|Mis-estimate Join <16x|0|Magnitude
DuckDB|957|PLAN|TPC-H|TPCH-Q19|TPC-H Q19 Analysis|Mis-estimate Join -8x|0|Magnitude
DuckDB|958|PLAN|TPC-H|TPCH-Q19|TPC-H Q19 Analysis|Mis-estimate Join -4x|0|Magnitude
DuckDB|959|PLAN|TPC-H|TPCH-Q19|TPC-H Q19 Analysis|Mis-estimate Join -2x|0|Magnitude
DuckDB|960|PLAN|TPC-H|TPCH-Q19|TPC-H Q19 Analysis|Mis-estimate Join =|1|Magnitude
DuckDB|961|PLAN|TPC-H|TPCH-Q19|TPC-H Q19 Analysis|Mis-estimate Join +2x|0|Magnitude
DuckDB|962|PLAN|TPC-H|TPCH-Q19|TPC-H Q19 Analysis|Mis-estimate Join +4x|0|Magnitude
DuckDB|963|PLAN|TPC-H|TPCH-Q19|TPC-H Q19 Analysis|Mis-estimate Join +8x|0|Magnitude
DuckDB|964|PLAN|TPC-H|TPCH-Q19|TPC-H Q19 Analysis|Mis-estimate Join >16x|0|Magnitude
DuckDB|965|PLAN|TPC-H|TPCH-Q19|TPC-H Q19 Analysis|Mis-estimate Aggregate <16x|0|Magnitude
DuckDB|966|PLAN|TPC-H|TPCH-Q19|TPC-H Q19 Analysis|Mis-estimate Aggregate -8x|0|Magnitude
DuckDB|967|PLAN|TPC-H|TPCH-Q19|TPC-H Q19 Analysis|Mis-estimate Aggregate -4x|0|Magnitude
DuckDB|968|PLAN|TPC-H|TPCH-Q19|TPC-H Q19 Analysis|Mis-estimate Aggregate -2x|0|Magnitude
DuckDB|969|PLAN|TPC-H|TPCH-Q19|TPC-H Q19 Analysis|Mis-estimate Aggregate =|0|Magnitude
DuckDB|970|PLAN|TPC-H|TPCH-Q19|TPC-H Q19 Analysis|Mis-estimate Aggregate +2x|0|Magnitude
DuckDB|971|PLAN|TPC-H|TPCH-Q19|TPC-H Q19 Analysis|Mis-estimate Aggregate +4x|0|Magnitude
DuckDB|972|PLAN|TPC-H|TPCH-Q19|TPC-H Q19 Analysis|Mis-estimate Aggregate +8x|0|Magnitude
DuckDB|973|PLAN|TPC-H|TPCH-Q19|TPC-H Q19 Analysis|Mis-estimate Aggregate >16x|1|Magnitude
DuckDB|974|PLAN|TPC-H|TPCH-Q19|TPC-H Q19 Analysis|Mis-estimate Sort <16x|0|Magnitude
DuckDB|975|PLAN|TPC-H|TPCH-Q19|TPC-H Q19 Analysis|Mis-estimate Sort -8x|0|Magnitude
DuckDB|976|PLAN|TPC-H|TPCH-Q19|TPC-H Q19 Analysis|Mis-estimate Sort -4x|0|Magnitude
DuckDB|977|PLAN|TPC-H|TPCH-Q19|TPC-H Q19 Analysis|Mis-estimate Sort -2x|0|Magnitude
DuckDB|978|PLAN|TPC-H|TPCH-Q19|TPC-H Q19 Analysis|Mis-estimate Sort =|0|Magnitude
DuckDB|979|PLAN|TPC-H|TPCH-Q19|TPC-H Q19 Analysis|Mis-estimate Sort +2x|0|Magnitude
DuckDB|980|PLAN|TPC-H|TPCH-Q19|TPC-H Q19 Analysis|Mis-estimate Sort +4x|0|Magnitude
DuckDB|981|PLAN|TPC-H|TPCH-Q19|TPC-H Q19 Analysis|Mis-estimate Sort +8x|0|Magnitude
DuckDB|982|PLAN|TPC-H|TPCH-Q19|TPC-H Q19 Analysis|Mis-estimate Sort >16x|0|Magnitude
DuckDB|983|PLAN|TPC-H|TPCH-Q19|TPC-H Q19 Analysis|Mis-estimate Scan <16x|0|Magnitude
DuckDB|984|PLAN|TPC-H|TPCH-Q19|TPC-H Q19 Analysis|Mis-estimate Scan -8x|0|Magnitude
DuckDB|985|PLAN|TPC-H|TPCH-Q19|TPC-H Q19 Analysis|Mis-estimate Scan -4x|0|Magnitude
DuckDB|986|PLAN|TPC-H|TPCH-Q19|TPC-H Q19 Analysis|Mis-estimate Scan -2x|0|Magnitude
DuckDB|987|PLAN|TPC-H|TPCH-Q19|TPC-H Q19 Analysis|Mis-estimate Scan =|2|Magnitude
DuckDB|988|PLAN|TPC-H|TPCH-Q19|TPC-H Q19 Analysis|Mis-estimate Scan +2x|0|Magnitude
DuckDB|989|PLAN|TPC-H|TPCH-Q19|TPC-H Q19 Analysis|Mis-estimate Scan +4x|0|Magnitude
DuckDB|990|PLAN|TPC-H|TPCH-Q19|TPC-H Q19 Analysis|Mis-estimate Scan +8x|0|Magnitude
DuckDB|991|PLAN|TPC-H|TPCH-Q19|TPC-H Q19 Analysis|Mis-estimate Scan >16x|1|Magnitude
DuckDB|992|PLAN|TPC-H|TPCH-Q19|TPC-H Q19 Analysis|Mis-estimate Filter <16x|0|Magnitude
DuckDB|993|PLAN|TPC-H|TPCH-Q19|TPC-H Q19 Analysis|Mis-estimate Filter -8x|0|Magnitude
DuckDB|994|PLAN|TPC-H|TPCH-Q19|TPC-H Q19 Analysis|Mis-estimate Filter -4x|0|Magnitude
DuckDB|995|PLAN|TPC-H|TPCH-Q19|TPC-H Q19 Analysis|Mis-estimate Filter -2x|0|Magnitude
DuckDB|996|PLAN|TPC-H|TPCH-Q19|TPC-H Q19 Analysis|Mis-estimate Filter =|1|Magnitude
DuckDB|997|PLAN|TPC-H|TPCH-Q19|TPC-H Q19 Analysis|Mis-estimate Filter +2x|0|Magnitude
DuckDB|998|PLAN|TPC-H|TPCH-Q19|TPC-H Q19 Analysis|Mis-estimate Filter +4x|0|Magnitude
DuckDB|999|PLAN|TPC-H|TPCH-Q19|TPC-H Q19 Analysis|Mis-estimate Filter +8x|0|Magnitude
DuckDB|1000|PLAN|TPC-H|TPCH-Q19|TPC-H Q19 Analysis|Mis-estimate Filter >16x|1|Magnitude
DuckDB|1001|PLAN|TPC-H|TPCH-Q19|TPC-H Q19 Analysis|Plan||Plan
DuckDB|1002|PLAN|TPC-H|TPCH-Q20|TPC-H Q20 Analysis|Join|1257476|Rows
DuckDB|1003|PLAN|TPC-H|TPCH-Q20|TPC-H Q20 Analysis|Aggregate|6793|Rows
DuckDB|1004|PLAN|TPC-H|TPCH-Q20|TPC-H Q20 Analysis|Sort|145|Rows
DuckDB|1005|PLAN|TPC-H|TPCH-Q20|TPC-H Q20 Analysis|Scan|1242881|Rows
DuckDB|1006|PLAN|TPC-H|TPCH-Q20|TPC-H Q20 Analysis|Mis-estimate Join <16x|1|Magnitude
DuckDB|1007|PLAN|TPC-H|TPCH-Q20|TPC-H Q20 Analysis|Mis-estimate Join -8x|0|Magnitude
DuckDB|1008|PLAN|TPC-H|TPCH-Q20|TPC-H Q20 Analysis|Mis-estimate Join -4x|0|Magnitude
DuckDB|1009|PLAN|TPC-H|TPCH-Q20|TPC-H Q20 Analysis|Mis-estimate Join -2x|0|Magnitude
DuckDB|1010|PLAN|TPC-H|TPCH-Q20|TPC-H Q20 Analysis|Mis-estimate Join =|3|Magnitude
DuckDB|1011|PLAN|TPC-H|TPCH-Q20|TPC-H Q20 Analysis|Mis-estimate Join +2x|0|Magnitude
DuckDB|1012|PLAN|TPC-H|TPCH-Q20|TPC-H Q20 Analysis|Mis-estimate Join +4x|0|Magnitude
DuckDB|1013|PLAN|TPC-H|TPCH-Q20|TPC-H Q20 Analysis|Mis-estimate Join +8x|0|Magnitude
DuckDB|1014|PLAN|TPC-H|TPCH-Q20|TPC-H Q20 Analysis|Mis-estimate Join >16x|2|Magnitude
DuckDB|1015|PLAN|TPC-H|TPCH-Q20|TPC-H Q20 Analysis|Mis-estimate Aggregate <16x|0|Magnitude
DuckDB|1016|PLAN|TPC-H|TPCH-Q20|TPC-H Q20 Analysis|Mis-estimate Aggregate -8x|0|Magnitude
DuckDB|1017|PLAN|TPC-H|TPCH-Q20|TPC-H Q20 Analysis|Mis-estimate Aggregate -4x|0|Magnitude
DuckDB|1018|PLAN|TPC-H|TPCH-Q20|TPC-H Q20 Analysis|Mis-estimate Aggregate -2x|0|Magnitude
DuckDB|1019|PLAN|TPC-H|TPCH-Q20|TPC-H Q20 Analysis|Mis-estimate Aggregate =|0|Magnitude
DuckDB|1020|PLAN|TPC-H|TPCH-Q20|TPC-H Q20 Analysis|Mis-estimate Aggregate +2x|0|Magnitude
DuckDB|1021|PLAN|TPC-H|TPCH-Q20|TPC-H Q20 Analysis|Mis-estimate Aggregate +4x|0|Magnitude
DuckDB|1022|PLAN|TPC-H|TPCH-Q20|TPC-H Q20 Analysis|Mis-estimate Aggregate +8x|0|Magnitude
DuckDB|1023|PLAN|TPC-H|TPCH-Q20|TPC-H Q20 Analysis|Mis-estimate Aggregate >16x|2|Magnitude
DuckDB|1024|PLAN|TPC-H|TPCH-Q20|TPC-H Q20 Analysis|Mis-estimate Sort <16x|0|Magnitude
DuckDB|1025|PLAN|TPC-H|TPCH-Q20|TPC-H Q20 Analysis|Mis-estimate Sort -8x|0|Magnitude
DuckDB|1026|PLAN|TPC-H|TPCH-Q20|TPC-H Q20 Analysis|Mis-estimate Sort -4x|0|Magnitude
DuckDB|1027|PLAN|TPC-H|TPCH-Q20|TPC-H Q20 Analysis|Mis-estimate Sort -2x|0|Magnitude
DuckDB|1028|PLAN|TPC-H|TPCH-Q20|TPC-H Q20 Analysis|Mis-estimate Sort =|1|Magnitude
DuckDB|1029|PLAN|TPC-H|TPCH-Q20|TPC-H Q20 Analysis|Mis-estimate Sort +2x|0|Magnitude
DuckDB|1030|PLAN|TPC-H|TPCH-Q20|TPC-H Q20 Analysis|Mis-estimate Sort +4x|0|Magnitude
DuckDB|1031|PLAN|TPC-H|TPCH-Q20|TPC-H Q20 Analysis|Mis-estimate Sort +8x|0|Magnitude
DuckDB|1032|PLAN|TPC-H|TPCH-Q20|TPC-H Q20 Analysis|Mis-estimate Sort >16x|0|Magnitude
DuckDB|1033|PLAN|TPC-H|TPCH-Q20|TPC-H Q20 Analysis|Mis-estimate Scan <16x|0|Magnitude
DuckDB|1034|PLAN|TPC-H|TPCH-Q20|TPC-H Q20 Analysis|Mis-estimate Scan -8x|0|Magnitude
DuckDB|1035|PLAN|TPC-H|TPCH-Q20|TPC-H Q20 Analysis|Mis-estimate Scan -4x|0|Magnitude
DuckDB|1036|PLAN|TPC-H|TPCH-Q20|TPC-H Q20 Analysis|Mis-estimate Scan -2x|0|Magnitude
DuckDB|1037|PLAN|TPC-H|TPCH-Q20|TPC-H Q20 Analysis|Mis-estimate Scan =|3|Magnitude
DuckDB|1038|PLAN|TPC-H|TPCH-Q20|TPC-H Q20 Analysis|Mis-estimate Scan +2x|0|Magnitude
DuckDB|1039|PLAN|TPC-H|TPCH-Q20|TPC-H Q20 Analysis|Mis-estimate Scan +4x|0|Magnitude
DuckDB|1040|PLAN|TPC-H|TPCH-Q20|TPC-H Q20 Analysis|Mis-estimate Scan +8x|0|Magnitude
DuckDB|1041|PLAN|TPC-H|TPCH-Q20|TPC-H Q20 Analysis|Mis-estimate Scan >16x|4|Magnitude
DuckDB|1042|PLAN|TPC-H|TPCH-Q20|TPC-H Q20 Analysis|Mis-estimate Filter <16x|0|Magnitude
DuckDB|1043|PLAN|TPC-H|TPCH-Q20|TPC-H Q20 Analysis|Mis-estimate Filter -8x|0|Magnitude
DuckDB|1044|PLAN|TPC-H|TPCH-Q20|TPC-H Q20 Analysis|Mis-estimate Filter -4x|0|Magnitude
DuckDB|1045|PLAN|TPC-H|TPCH-Q20|TPC-H Q20 Analysis|Mis-estimate Filter -2x|0|Magnitude
DuckDB|1046|PLAN|TPC-H|TPCH-Q20|TPC-H Q20 Analysis|Mis-estimate Filter =|0|Magnitude
DuckDB|1047|PLAN|TPC-H|TPCH-Q20|TPC-H Q20 Analysis|Mis-estimate Filter +2x|0|Magnitude
DuckDB|1048|PLAN|TPC-H|TPCH-Q20|TPC-H Q20 Analysis|Mis-estimate Filter +4x|0|Magnitude
DuckDB|1049|PLAN|TPC-H|TPCH-Q20|TPC-H Q20 Analysis|Mis-estimate Filter +8x|0|Magnitude
DuckDB|1050|PLAN|TPC-H|TPCH-Q20|TPC-H Q20 Analysis|Mis-estimate Filter >16x|2|Magnitude
DuckDB|1051|PLAN|TPC-H|TPCH-Q20|TPC-H Q20 Analysis|Plan||Plan
DuckDB|1052|PLAN|TPC-H|TPCH-Q21|TPC-H Q21 Analysis|Join|14924939|Rows
DuckDB|1053|PLAN|TPC-H|TPCH-Q21|TPC-H Q21 Analysis|Aggregate|4060|Rows
DuckDB|1054|PLAN|TPC-H|TPCH-Q21|TPC-H Q21 Analysis|Sort|396|Rows
DuckDB|1055|PLAN|TPC-H|TPCH-Q21|TPC-H Q21 Analysis|Scan|18754973|Rows
DuckDB|1056|PLAN|TPC-H|TPCH-Q21|TPC-H Q21 Analysis|Mis-estimate Join <16x|1|Magnitude
DuckDB|1057|PLAN|TPC-H|TPCH-Q21|TPC-H Q21 Analysis|Mis-estimate Join -8x|1|Magnitude
DuckDB|1058|PLAN|TPC-H|TPCH-Q21|TPC-H Q21 Analysis|Mis-estimate Join -4x|0|Magnitude
DuckDB|1059|PLAN|TPC-H|TPCH-Q21|TPC-H Q21 Analysis|Mis-estimate Join -2x|4|Magnitude
DuckDB|1060|PLAN|TPC-H|TPCH-Q21|TPC-H Q21 Analysis|Mis-estimate Join =|1|Magnitude
DuckDB|1061|PLAN|TPC-H|TPCH-Q21|TPC-H Q21 Analysis|Mis-estimate Join +2x|0|Magnitude
DuckDB|1062|PLAN|TPC-H|TPCH-Q21|TPC-H Q21 Analysis|Mis-estimate Join +4x|0|Magnitude
DuckDB|1063|PLAN|TPC-H|TPCH-Q21|TPC-H Q21 Analysis|Mis-estimate Join +8x|0|Magnitude
DuckDB|1064|PLAN|TPC-H|TPCH-Q21|TPC-H Q21 Analysis|Mis-estimate Join >16x|2|Magnitude
DuckDB|1065|PLAN|TPC-H|TPCH-Q21|TPC-H Q21 Analysis|Mis-estimate Aggregate <16x|0|Magnitude
DuckDB|1066|PLAN|TPC-H|TPCH-Q21|TPC-H Q21 Analysis|Mis-estimate Aggregate -8x|1|Magnitude
DuckDB|1067|PLAN|TPC-H|TPCH-Q21|TPC-H Q21 Analysis|Mis-estimate Aggregate -4x|0|Magnitude
DuckDB|1068|PLAN|TPC-H|TPCH-Q21|TPC-H Q21 Analysis|Mis-estimate Aggregate -2x|1|Magnitude
DuckDB|1069|PLAN|TPC-H|TPCH-Q21|TPC-H Q21 Analysis|Mis-estimate Aggregate =|0|Magnitude
DuckDB|1070|PLAN|TPC-H|TPCH-Q21|TPC-H Q21 Analysis|Mis-estimate Aggregate +2x|1|Magnitude
DuckDB|1071|PLAN|TPC-H|TPCH-Q21|TPC-H Q21 Analysis|Mis-estimate Aggregate +4x|0|Magnitude
DuckDB|1072|PLAN|TPC-H|TPCH-Q21|TPC-H Q21 Analysis|Mis-estimate Aggregate +8x|0|Magnitude
DuckDB|1073|PLAN|TPC-H|TPCH-Q21|TPC-H Q21 Analysis|Mis-estimate Aggregate >16x|0|Magnitude
DuckDB|1074|PLAN|TPC-H|TPCH-Q21|TPC-H Q21 Analysis|Mis-estimate Sort <16x|0|Magnitude
DuckDB|1075|PLAN|TPC-H|TPCH-Q21|TPC-H Q21 Analysis|Mis-estimate Sort -8x|0|Magnitude
DuckDB|1076|PLAN|TPC-H|TPCH-Q21|TPC-H Q21 Analysis|Mis-estimate Sort -4x|0|Magnitude
DuckDB|1077|PLAN|TPC-H|TPCH-Q21|TPC-H Q21 Analysis|Mis-estimate Sort -2x|0|Magnitude
DuckDB|1078|PLAN|TPC-H|TPCH-Q21|TPC-H Q21 Analysis|Mis-estimate Sort =|0|Magnitude
DuckDB|1079|PLAN|TPC-H|TPCH-Q21|TPC-H Q21 Analysis|Mis-estimate Sort +2x|1|Magnitude
DuckDB|1080|PLAN|TPC-H|TPCH-Q21|TPC-H Q21 Analysis|Mis-estimate Sort +4x|0|Magnitude
DuckDB|1081|PLAN|TPC-H|TPCH-Q21|TPC-H Q21 Analysis|Mis-estimate Sort +8x|0|Magnitude
DuckDB|1082|PLAN|TPC-H|TPCH-Q21|TPC-H Q21 Analysis|Mis-estimate Sort >16x|0|Magnitude
DuckDB|1083|PLAN|TPC-H|TPCH-Q21|TPC-H Q21 Analysis|Mis-estimate Scan <16x|0|Magnitude
DuckDB|1084|PLAN|TPC-H|TPCH-Q21|TPC-H Q21 Analysis|Mis-estimate Scan -8x|1|Magnitude
DuckDB|1085|PLAN|TPC-H|TPCH-Q21|TPC-H Q21 Analysis|Mis-estimate Scan -4x|0|Magnitude
DuckDB|1086|PLAN|TPC-H|TPCH-Q21|TPC-H Q21 Analysis|Mis-estimate Scan -2x|1|Magnitude
DuckDB|1087|PLAN|TPC-H|TPCH-Q21|TPC-H Q21 Analysis|Mis-estimate Scan =|5|Magnitude
DuckDB|1088|PLAN|TPC-H|TPCH-Q21|TPC-H Q21 Analysis|Mis-estimate Scan +2x|1|Magnitude
DuckDB|1089|PLAN|TPC-H|TPCH-Q21|TPC-H Q21 Analysis|Mis-estimate Scan +4x|0|Magnitude
DuckDB|1090|PLAN|TPC-H|TPCH-Q21|TPC-H Q21 Analysis|Mis-estimate Scan +8x|0|Magnitude
DuckDB|1091|PLAN|TPC-H|TPCH-Q21|TPC-H Q21 Analysis|Mis-estimate Scan >16x|1|Magnitude
DuckDB|1092|PLAN|TPC-H|TPCH-Q21|TPC-H Q21 Analysis|Mis-estimate Filter <16x|0|Magnitude
DuckDB|1093|PLAN|TPC-H|TPCH-Q21|TPC-H Q21 Analysis|Mis-estimate Filter -8x|0|Magnitude
DuckDB|1094|PLAN|TPC-H|TPCH-Q21|TPC-H Q21 Analysis|Mis-estimate Filter -4x|0|Magnitude
DuckDB|1095|PLAN|TPC-H|TPCH-Q21|TPC-H Q21 Analysis|Mis-estimate Filter -2x|3|Magnitude
DuckDB|1096|PLAN|TPC-H|TPCH-Q21|TPC-H Q21 Analysis|Mis-estimate Filter =|0|Magnitude
DuckDB|1097|PLAN|TPC-H|TPCH-Q21|TPC-H Q21 Analysis|Mis-estimate Filter +2x|0|Magnitude
DuckDB|1098|PLAN|TPC-H|TPCH-Q21|TPC-H Q21 Analysis|Mis-estimate Filter +4x|0|Magnitude
DuckDB|1099|PLAN|TPC-H|TPCH-Q21|TPC-H Q21 Analysis|Mis-estimate Filter +8x|0|Magnitude
DuckDB|1100|PLAN|TPC-H|TPCH-Q21|TPC-H Q21 Analysis|Mis-estimate Filter >16x|0|Magnitude
DuckDB|1101|PLAN|TPC-H|TPCH-Q21|TPC-H Q21 Analysis|Plan||Plan
DuckDB|1102|PLAN|TPC-H|TPCH-Q22|TPC-H Q22 Analysis|Join|1745710|Rows
DuckDB|1103|PLAN|TPC-H|TPCH-Q22|TPC-H Q22 Analysis|Aggregate|48823|Rows
DuckDB|1104|PLAN|TPC-H|TPCH-Q22|TPC-H Q22 Analysis|Sort|7|Rows
DuckDB|1105|PLAN|TPC-H|TPCH-Q22|TPC-H Q22 Analysis|Scan|1576781|Rows
DuckDB|1106|PLAN|TPC-H|TPCH-Q22|TPC-H Q22 Analysis|Mis-estimate Join <16x|3|Magnitude
DuckDB|1107|PLAN|TPC-H|TPCH-Q22|TPC-H Q22 Analysis|Mis-estimate Join -8x|0|Magnitude
DuckDB|1108|PLAN|TPC-H|TPCH-Q22|TPC-H Q22 Analysis|Mis-estimate Join -4x|0|Magnitude
DuckDB|1109|PLAN|TPC-H|TPCH-Q22|TPC-H Q22 Analysis|Mis-estimate Join -2x|0|Magnitude
DuckDB|1110|PLAN|TPC-H|TPCH-Q22|TPC-H Q22 Analysis|Mis-estimate Join =|0|Magnitude
DuckDB|1111|PLAN|TPC-H|TPCH-Q22|TPC-H Q22 Analysis|Mis-estimate Join +2x|1|Magnitude
DuckDB|1112|PLAN|TPC-H|TPCH-Q22|TPC-H Q22 Analysis|Mis-estimate Join +4x|0|Magnitude
DuckDB|1113|PLAN|TPC-H|TPCH-Q22|TPC-H Q22 Analysis|Mis-estimate Join +8x|0|Magnitude
DuckDB|1114|PLAN|TPC-H|TPCH-Q22|TPC-H Q22 Analysis|Mis-estimate Join >16x|0|Magnitude
DuckDB|1115|PLAN|TPC-H|TPCH-Q22|TPC-H Q22 Analysis|Mis-estimate Aggregate <16x|1|Magnitude
DuckDB|1116|PLAN|TPC-H|TPCH-Q22|TPC-H Q22 Analysis|Mis-estimate Aggregate -8x|0|Magnitude
DuckDB|1117|PLAN|TPC-H|TPCH-Q22|TPC-H Q22 Analysis|Mis-estimate Aggregate -4x|1|Magnitude
DuckDB|1118|PLAN|TPC-H|TPCH-Q22|TPC-H Q22 Analysis|Mis-estimate Aggregate -2x|0|Magnitude
DuckDB|1119|PLAN|TPC-H|TPCH-Q22|TPC-H Q22 Analysis|Mis-estimate Aggregate =|0|Magnitude
DuckDB|1120|PLAN|TPC-H|TPCH-Q22|TPC-H Q22 Analysis|Mis-estimate Aggregate +2x|0|Magnitude
DuckDB|1121|PLAN|TPC-H|TPCH-Q22|TPC-H Q22 Analysis|Mis-estimate Aggregate +4x|0|Magnitude
DuckDB|1122|PLAN|TPC-H|TPCH-Q22|TPC-H Q22 Analysis|Mis-estimate Aggregate +8x|0|Magnitude
DuckDB|1123|PLAN|TPC-H|TPCH-Q22|TPC-H Q22 Analysis|Mis-estimate Aggregate >16x|2|Magnitude
DuckDB|1124|PLAN|TPC-H|TPCH-Q22|TPC-H Q22 Analysis|Mis-estimate Sort <16x|0|Magnitude
DuckDB|1125|PLAN|TPC-H|TPCH-Q22|TPC-H Q22 Analysis|Mis-estimate Sort -8x|0|Magnitude
DuckDB|1126|PLAN|TPC-H|TPCH-Q22|TPC-H Q22 Analysis|Mis-estimate Sort -4x|1|Magnitude
DuckDB|1127|PLAN|TPC-H|TPCH-Q22|TPC-H Q22 Analysis|Mis-estimate Sort -2x|0|Magnitude
DuckDB|1128|PLAN|TPC-H|TPCH-Q22|TPC-H Q22 Analysis|Mis-estimate Sort =|0|Magnitude
DuckDB|1129|PLAN|TPC-H|TPCH-Q22|TPC-H Q22 Analysis|Mis-estimate Sort +2x|0|Magnitude
DuckDB|1130|PLAN|TPC-H|TPCH-Q22|TPC-H Q22 Analysis|Mis-estimate Sort +4x|0|Magnitude
DuckDB|1131|PLAN|TPC-H|TPCH-Q22|TPC-H Q22 Analysis|Mis-estimate Sort +8x|0|Magnitude
DuckDB|1132|PLAN|TPC-H|TPCH-Q22|TPC-H Q22 Analysis|Mis-estimate Sort >16x|0|Magnitude
DuckDB|1133|PLAN|TPC-H|TPCH-Q22|TPC-H Q22 Analysis|Mis-estimate Scan <16x|1|Magnitude
DuckDB|1134|PLAN|TPC-H|TPCH-Q22|TPC-H Q22 Analysis|Mis-estimate Scan -8x|0|Magnitude
DuckDB|1135|PLAN|TPC-H|TPCH-Q22|TPC-H Q22 Analysis|Mis-estimate Scan -4x|1|Magnitude
DuckDB|1136|PLAN|TPC-H|TPCH-Q22|TPC-H Q22 Analysis|Mis-estimate Scan -2x|0|Magnitude
DuckDB|1137|PLAN|TPC-H|TPCH-Q22|TPC-H Q22 Analysis|Mis-estimate Scan =|3|Magnitude
DuckDB|1138|PLAN|TPC-H|TPCH-Q22|TPC-H Q22 Analysis|Mis-estimate Scan +2x|0|Magnitude
DuckDB|1139|PLAN|TPC-H|TPCH-Q22|TPC-H Q22 Analysis|Mis-estimate Scan +4x|0|Magnitude
DuckDB|1140|PLAN|TPC-H|TPCH-Q22|TPC-H Q22 Analysis|Mis-estimate Scan +8x|0|Magnitude
DuckDB|1141|PLAN|TPC-H|TPCH-Q22|TPC-H Q22 Analysis|Mis-estimate Scan >16x|2|Magnitude
DuckDB|1142|PLAN|TPC-H|TPCH-Q22|TPC-H Q22 Analysis|Mis-estimate Filter <16x|0|Magnitude
DuckDB|1143|PLAN|TPC-H|TPCH-Q22|TPC-H Q22 Analysis|Mis-estimate Filter -8x|0|Magnitude
DuckDB|1144|PLAN|TPC-H|TPCH-Q22|TPC-H Q22 Analysis|Mis-estimate Filter -4x|0|Magnitude
DuckDB|1145|PLAN|TPC-H|TPCH-Q22|TPC-H Q22 Analysis|Mis-estimate Filter -2x|0|Magnitude
DuckDB|1146|PLAN|TPC-H|TPCH-Q22|TPC-H Q22 Analysis|Mis-estimate Filter =|0|Magnitude
DuckDB|1147|PLAN|TPC-H|TPCH-Q22|TPC-H Q22 Analysis|Mis-estimate Filter +2x|0|Magnitude
DuckDB|1148|PLAN|TPC-H|TPCH-Q22|TPC-H Q22 Analysis|Mis-estimate Filter +4x|0|Magnitude
DuckDB|1149|PLAN|TPC-H|TPCH-Q22|TPC-H Q22 Analysis|Mis-estimate Filter +8x|0|Magnitude
DuckDB|1150|PLAN|TPC-H|TPCH-Q22|TPC-H Q22 Analysis|Mis-estimate Filter >16x|0|Magnitude
DuckDB|1151|PLAN|TPC-H|TPCH-Q22|TPC-H Q22 Analysis|Plan||Plan
